-- phpMyAdmin SQL Dump
-- version 4.6.6deb5ubuntu0.5
-- https://www.phpmyadmin.net/
--
-- Host: localhost:3306
-- Generation Time: Dec 08, 2020 at 06:19 AM
-- Server version: 5.7.32-0ubuntu0.18.04.1
-- PHP Version: 7.2.34-8+ubuntu18.04.1+deb.sury.org+1

SET SQL_MODE = "NO_AUTO_VALUE_ON_ZERO";
SET time_zone = "+00:00";


/*!40101 SET @OLD_CHARACTER_SET_CLIENT=@@CHARACTER_SET_CLIENT */;
/*!40101 SET @OLD_CHARACTER_SET_RESULTS=@@CHARACTER_SET_RESULTS */;
/*!40101 SET @OLD_COLLATION_CONNECTION=@@COLLATION_CONNECTION */;
/*!40101 SET NAMES utf8mb4 */;

--
-- Database: `timber`
--

-- --------------------------------------------------------

--
-- Table structure for table `failed_jobs`
--

CREATE TABLE `failed_jobs` (
  `id` bigint(20) UNSIGNED NOT NULL,
  `connection` text COLLATE utf8mb4_unicode_ci NOT NULL,
  `queue` text COLLATE utf8mb4_unicode_ci NOT NULL,
  `payload` longtext COLLATE utf8mb4_unicode_ci NOT NULL,
  `exception` longtext COLLATE utf8mb4_unicode_ci NOT NULL,
  `failed_at` timestamp NOT NULL DEFAULT CURRENT_TIMESTAMP
) ENGINE=InnoDB DEFAULT CHARSET=utf8mb4 COLLATE=utf8mb4_unicode_ci;

-- --------------------------------------------------------

--
-- Table structure for table `location`
--

CREATE TABLE `location` (
  `location_id` bigint(20) UNSIGNED NOT NULL,
  `name` varchar(255) COLLATE utf8mb4_unicode_ci DEFAULT NULL,
  `number` varchar(255) COLLATE utf8mb4_unicode_ci NOT NULL,
  `active` tinyint(4) NOT NULL DEFAULT '1',
  `created_at` timestamp NULL DEFAULT NULL,
  `updated_at` timestamp NULL DEFAULT NULL,
  `deleted_at` timestamp NULL DEFAULT NULL
) ENGINE=InnoDB DEFAULT CHARSET=utf8mb4 COLLATE=utf8mb4_unicode_ci;

--
-- Dumping data for table `location`
--

INSERT INTO `location` (`location_id`, `name`, `number`, `active`, `created_at`, `updated_at`, `deleted_at`) VALUES
(23, 'L013', 'A03', 1, '2020-03-22 00:43:33', '2020-10-27 23:33:15', NULL),
(24, 'L020', 'A23', 1, '2020-03-22 00:49:16', '2020-10-27 23:37:12', NULL),
(25, 'L012', 'A04', 1, '2020-03-22 00:49:48', '2020-10-27 23:33:29', NULL),
(26, 'L017', 'A06', 1, '2020-03-22 01:49:55', '2020-10-27 23:34:23', NULL),
(27, 'L015', '110', 1, '2020-03-22 15:02:04', '2020-12-07 08:04:26', NULL),
(28, 'L018', '122', 1, '2020-03-22 15:04:18', '2020-12-07 08:06:11', NULL),
(29, 'L014', 'A12', 1, '2020-03-25 22:49:49', '2020-10-27 23:36:28', NULL),
(30, 'L019', 'A11', 1, '2020-06-02 10:06:04', '2020-10-27 23:36:12', NULL),
(31, 'Lower Deck', 'A05', 1, '2020-06-05 16:06:42', '2020-10-27 23:33:41', NULL),
(32, NULL, '101', 1, '2020-10-27 23:06:43', '2020-12-07 08:05:07', NULL),
(33, NULL, 'A02', 1, '2020-10-27 23:26:08', '2020-10-27 23:33:00', NULL),
(34, NULL, '109', 1, '2020-10-27 23:27:56', '2020-12-07 08:01:36', NULL),
(35, NULL, '107', 1, '2020-10-27 23:29:20', '2020-12-07 08:01:16', NULL),
(36, NULL, '108', 1, '2020-10-27 23:29:31', '2020-12-07 08:01:27', NULL),
(37, NULL, 'A13', 1, '2020-10-27 23:29:38', '2020-10-27 23:29:38', NULL),
(38, NULL, 'A14', 1, '2020-10-27 23:29:45', '2020-10-27 23:29:45', NULL),
(39, NULL, 'A15', 1, '2020-10-27 23:29:54', '2020-10-27 23:29:54', NULL),
(40, NULL, 'A16', 1, '2020-10-27 23:29:59', '2020-10-27 23:29:59', NULL),
(41, NULL, 'A17', 1, '2020-10-27 23:30:05', '2020-10-27 23:30:05', NULL),
(42, NULL, 'A18', 1, '2020-10-27 23:30:16', '2020-10-27 23:30:16', NULL),
(43, NULL, 'A19', 1, '2020-10-27 23:30:25', '2020-10-27 23:30:25', NULL),
(44, NULL, 'A20', 1, '2020-10-27 23:30:33', '2020-10-27 23:30:33', NULL),
(45, NULL, 'A21', 1, '2020-10-27 23:30:40', '2020-10-27 23:30:40', NULL),
(46, NULL, 'A24', 1, '2020-10-27 23:37:55', '2020-10-27 23:37:55', NULL),
(47, NULL, 'A25', 1, '2020-10-27 23:38:02', '2020-10-27 23:38:02', NULL),
(48, NULL, 'A26', 1, '2020-10-27 23:38:08', '2020-10-27 23:38:08', NULL),
(49, NULL, 'A27', 1, '2020-10-27 23:38:14', '2020-10-27 23:38:14', NULL),
(50, NULL, 'A28', 1, '2020-10-27 23:38:22', '2020-10-27 23:38:22', NULL),
(51, NULL, 'A29', 1, '2020-10-27 23:38:52', '2020-10-27 23:38:52', NULL),
(52, NULL, 'A30', 1, '2020-10-27 23:39:05', '2020-10-27 23:39:05', NULL),
(53, NULL, 'B01', 1, '2020-10-27 23:40:27', '2020-10-27 23:40:27', NULL),
(54, NULL, 'B02', 1, '2020-10-27 23:40:33', '2020-10-27 23:40:33', NULL),
(55, NULL, 'B03', 1, '2020-10-27 23:40:41', '2020-10-27 23:40:41', NULL),
(56, NULL, 'B04', 1, '2020-10-27 23:40:50', '2020-10-27 23:40:50', NULL),
(57, NULL, 'B05', 1, '2020-10-27 23:40:56', '2020-10-27 23:40:56', NULL),
(58, NULL, 'B06', 1, '2020-10-27 23:41:03', '2020-10-27 23:41:03', NULL),
(59, NULL, 'B07', 1, '2020-10-27 23:41:14', '2020-10-27 23:41:14', NULL),
(60, NULL, 'B08', 1, '2020-10-27 23:41:21', '2020-10-27 23:41:21', NULL),
(61, NULL, 'B09', 1, '2020-10-27 23:41:27', '2020-10-27 23:41:27', NULL),
(62, NULL, 'B10', 1, '2020-10-27 23:41:34', '2020-10-27 23:41:34', NULL),
(63, NULL, 'B11', 1, '2020-10-27 23:41:40', '2020-10-27 23:41:40', NULL),
(64, NULL, 'B12', 1, '2020-10-27 23:41:47', '2020-10-27 23:41:47', NULL),
(65, NULL, 'B13', 1, '2020-10-27 23:41:53', '2020-10-27 23:41:53', NULL),
(66, NULL, 'B14', 1, '2020-10-27 23:42:00', '2020-10-27 23:42:00', NULL),
(67, NULL, 'B15', 1, '2020-10-27 23:42:10', '2020-10-27 23:42:10', NULL),
(68, NULL, 'B16', 1, '2020-10-27 23:42:19', '2020-10-27 23:42:19', NULL),
(69, NULL, 'B17', 1, '2020-10-27 23:42:26', '2020-10-27 23:42:26', NULL),
(70, NULL, 'B18', 1, '2020-10-27 23:42:32', '2020-10-27 23:42:32', NULL),
(71, NULL, 'B19', 1, '2020-10-27 23:42:38', '2020-10-27 23:42:38', NULL),
(72, NULL, 'B20', 1, '2020-10-27 23:42:46', '2020-10-27 23:42:46', NULL),
(73, NULL, 'C01', 1, '2020-10-27 23:44:41', '2020-10-27 23:44:41', NULL),
(74, NULL, 'C02', 1, '2020-10-27 23:44:52', '2020-10-27 23:44:52', NULL),
(75, NULL, 'C03', 1, '2020-10-27 23:44:57', '2020-10-27 23:44:57', NULL),
(76, NULL, 'C04', 1, '2020-10-27 23:45:03', '2020-10-27 23:45:03', NULL),
(77, NULL, 'C05', 1, '2020-10-27 23:45:08', '2020-10-27 23:45:08', NULL),
(78, NULL, 'C06', 1, '2020-10-27 23:45:14', '2020-10-27 23:45:14', NULL),
(79, NULL, 'C07', 1, '2020-10-27 23:45:23', '2020-10-27 23:45:23', NULL),
(80, NULL, 'C08', 1, '2020-10-27 23:45:28', '2020-10-27 23:45:28', NULL),
(81, NULL, 'C09', 1, '2020-10-27 23:45:37', '2020-10-27 23:45:37', NULL),
(82, NULL, 'C10', 1, '2020-10-27 23:45:46', '2020-10-27 23:45:46', NULL),
(83, NULL, 'C11', 1, '2020-10-27 23:45:51', '2020-10-27 23:45:51', NULL),
(84, NULL, 'C12', 1, '2020-10-27 23:45:59', '2020-10-27 23:45:59', NULL),
(85, NULL, 'C13', 1, '2020-10-27 23:46:05', '2020-10-27 23:46:05', NULL),
(86, NULL, 'C14', 1, '2020-10-27 23:46:10', '2020-10-27 23:46:10', NULL),
(87, NULL, 'C15', 1, '2020-10-27 23:46:16', '2020-10-27 23:46:16', NULL),
(88, NULL, 'C16', 1, '2020-10-27 23:46:22', '2020-10-27 23:46:22', NULL),
(89, NULL, 'C17', 1, '2020-10-27 23:46:27', '2020-10-27 23:46:27', NULL),
(90, NULL, 'C18', 1, '2020-10-27 23:46:32', '2020-10-27 23:46:32', NULL),
(91, NULL, 'C19', 1, '2020-10-27 23:46:38', '2020-10-27 23:46:38', NULL),
(92, NULL, 'C20', 1, '2020-10-27 23:46:43', '2020-10-27 23:46:43', NULL),
(93, NULL, 'C21', 1, '2020-10-27 23:46:50', '2020-10-27 23:46:50', NULL),
(94, NULL, 'C22', 1, '2020-10-27 23:46:55', '2020-10-27 23:46:55', NULL),
(95, NULL, 'C23', 1, '2020-10-27 23:47:01', '2020-10-27 23:47:01', NULL),
(96, NULL, 'C24', 1, '2020-10-27 23:47:12', '2020-10-27 23:47:12', NULL),
(97, NULL, 'C25', 1, '2020-10-27 23:47:17', '2020-10-27 23:47:17', NULL),
(98, NULL, 'C26', 1, '2020-10-27 23:47:23', '2020-10-27 23:47:23', NULL),
(99, NULL, 'C27', 1, '2020-10-27 23:47:29', '2020-10-27 23:47:29', NULL),
(100, NULL, 'C28', 1, '2020-10-27 23:47:38', '2020-10-27 23:47:38', NULL),
(101, NULL, 'C29', 1, '2020-10-27 23:47:43', '2020-10-27 23:47:43', NULL),
(102, NULL, 'C30', 1, '2020-10-27 23:47:51', '2020-10-27 23:47:51', NULL),
(103, NULL, 'C31', 1, '2020-10-27 23:48:23', '2020-10-27 23:48:23', NULL),
(104, NULL, 'C32', 1, '2020-10-27 23:48:29', '2020-10-27 23:48:29', NULL),
(105, NULL, 'C33', 1, '2020-10-27 23:48:37', '2020-10-27 23:48:37', NULL),
(106, NULL, 'C34', 1, '2020-10-27 23:48:43', '2020-10-27 23:48:43', NULL),
(107, NULL, 'C35', 1, '2020-10-27 23:48:50', '2020-10-27 23:48:50', NULL),
(108, NULL, 'C36', 1, '2020-10-27 23:50:33', '2020-10-27 23:50:33', NULL),
(109, NULL, 'C37', 1, '2020-10-27 23:50:41', '2020-10-27 23:50:41', NULL),
(110, NULL, 'C38', 1, '2020-10-27 23:50:47', '2020-10-27 23:50:47', NULL),
(111, NULL, 'C39', 1, '2020-10-27 23:50:52', '2020-10-27 23:50:52', NULL),
(112, NULL, 'C40', 1, '2020-10-27 23:50:57', '2020-10-27 23:50:57', NULL),
(113, NULL, 'C41', 1, '2020-10-27 23:51:03', '2020-10-27 23:51:03', NULL),
(114, NULL, 'C42', 1, '2020-10-27 23:51:08', '2020-10-27 23:51:08', NULL),
(115, NULL, 'C43', 1, '2020-10-27 23:51:14', '2020-10-27 23:51:14', NULL),
(116, NULL, 'C44', 1, '2020-10-27 23:51:25', '2020-10-27 23:51:25', NULL),
(117, NULL, 'D01', 1, '2020-10-27 23:52:27', '2020-10-27 23:52:27', NULL),
(118, NULL, 'D02', 1, '2020-10-27 23:52:33', '2020-10-27 23:52:33', NULL),
(119, NULL, 'D03', 1, '2020-10-27 23:52:38', '2020-10-27 23:52:38', NULL),
(120, NULL, 'D04', 1, '2020-10-27 23:52:44', '2020-10-27 23:52:44', NULL),
(121, NULL, 'D05', 1, '2020-10-27 23:52:50', '2020-10-27 23:52:50', NULL),
(122, NULL, 'D06', 1, '2020-10-27 23:52:56', '2020-10-27 23:52:56', NULL),
(123, NULL, 'D07', 1, '2020-10-27 23:53:03', '2020-10-27 23:53:03', NULL),
(124, NULL, 'D08', 1, '2020-10-27 23:53:33', '2020-10-27 23:53:33', NULL),
(125, NULL, 'D09', 1, '2020-10-27 23:53:39', '2020-10-27 23:53:39', NULL),
(126, NULL, 'D10', 1, '2020-10-27 23:53:45', '2020-10-27 23:53:45', NULL),
(127, NULL, 'D11', 1, '2020-10-27 23:53:51', '2020-10-27 23:53:51', NULL),
(128, NULL, 'D12', 1, '2020-10-27 23:53:56', '2020-10-27 23:53:56', NULL),
(129, NULL, 'D13', 1, '2020-10-27 23:54:02', '2020-10-27 23:54:02', NULL),
(130, NULL, 'D14', 1, '2020-10-27 23:54:07', '2020-10-27 23:54:07', NULL),
(131, NULL, 'D15', 1, '2020-10-27 23:54:12', '2020-10-27 23:54:12', NULL),
(132, NULL, 'D16', 1, '2020-10-27 23:54:17', '2020-10-27 23:54:17', NULL),
(133, NULL, 'D17', 1, '2020-10-27 23:54:23', '2020-10-27 23:54:23', NULL),
(134, NULL, 'D18', 1, '2020-10-27 23:54:28', '2020-10-27 23:54:28', NULL),
(135, NULL, 'D19', 1, '2020-10-27 23:54:34', '2020-10-27 23:54:34', NULL),
(136, NULL, 'D20', 1, '2020-10-27 23:54:38', '2020-10-27 23:54:38', NULL),
(137, NULL, 'D21', 1, '2020-10-27 23:54:43', '2020-10-27 23:54:43', NULL),
(138, NULL, 'D22', 1, '2020-10-27 23:54:52', '2020-10-27 23:54:52', NULL),
(139, NULL, 'D23', 1, '2020-10-27 23:54:58', '2020-10-27 23:54:58', NULL),
(140, NULL, 'D24', 1, '2020-10-27 23:55:04', '2020-10-27 23:55:04', NULL),
(141, NULL, 'D25', 1, '2020-10-27 23:55:10', '2020-10-27 23:55:10', NULL),
(142, NULL, 'D26', 1, '2020-10-27 23:55:16', '2020-10-27 23:55:16', NULL),
(143, NULL, 'D27', 1, '2020-10-27 23:55:23', '2020-10-27 23:55:23', NULL),
(144, NULL, 'D28', 1, '2020-10-27 23:55:28', '2020-10-27 23:55:28', NULL),
(145, NULL, 'D29', 1, '2020-10-27 23:55:38', '2020-10-27 23:55:53', NULL),
(146, NULL, 'D30', 1, '2020-10-27 23:56:01', '2020-10-27 23:56:01', NULL),
(147, NULL, 'D31', 1, '2020-10-27 23:56:09', '2020-10-27 23:56:09', NULL),
(148, NULL, 'D32', 1, '2020-10-27 23:56:30', '2020-10-27 23:56:30', NULL),
(149, NULL, 'D33', 1, '2020-10-27 23:56:41', '2020-10-27 23:56:41', NULL),
(150, NULL, 'D34', 1, '2020-10-27 23:56:47', '2020-10-27 23:56:47', NULL),
(151, NULL, 'D35', 1, '2020-10-27 23:56:54', '2020-10-27 23:56:54', NULL),
(152, NULL, 'D36', 1, '2020-10-27 23:57:00', '2020-10-27 23:57:00', NULL),
(153, NULL, 'D37', 1, '2020-10-27 23:57:06', '2020-10-27 23:57:06', NULL),
(154, NULL, 'D38', 1, '2020-10-27 23:57:11', '2020-10-27 23:57:11', NULL),
(155, NULL, 'D39', 1, '2020-10-27 23:57:16', '2020-10-27 23:57:16', NULL),
(156, NULL, 'D40', 1, '2020-10-27 23:57:21', '2020-10-27 23:57:21', NULL),
(157, NULL, 'D41', 1, '2020-10-27 23:57:27', '2020-10-27 23:57:27', NULL),
(158, NULL, 'D42', 1, '2020-10-27 23:57:33', '2020-10-27 23:57:33', NULL),
(159, NULL, 'D43', 1, '2020-10-27 23:57:44', '2020-10-27 23:57:44', NULL),
(160, NULL, 'D44', 1, '2020-10-27 23:57:49', '2020-10-27 23:57:49', NULL),
(161, NULL, 'D45', 1, '2020-10-27 23:57:55', '2020-10-27 23:57:55', NULL),
(162, NULL, 'D46', 1, '2020-10-27 23:58:03', '2020-10-27 23:58:03', NULL),
(163, NULL, 'D47', 1, '2020-10-27 23:58:10', '2020-10-27 23:58:10', NULL),
(164, NULL, 'E01', 1, '2020-10-28 00:00:08', '2020-10-28 00:00:08', NULL),
(165, NULL, 'E02', 1, '2020-10-28 00:00:16', '2020-10-28 00:00:16', NULL),
(166, NULL, 'E03', 1, '2020-10-28 00:00:22', '2020-10-28 00:00:22', NULL),
(167, NULL, 'E04', 1, '2020-10-28 00:00:28', '2020-10-28 00:00:28', NULL),
(168, NULL, 'E05', 1, '2020-10-28 00:00:33', '2020-10-28 00:00:33', NULL),
(169, NULL, 'E06', 1, '2020-10-28 00:00:38', '2020-10-28 00:00:38', NULL),
(170, NULL, 'E07', 1, '2020-10-28 00:00:45', '2020-10-28 00:00:45', NULL),
(171, NULL, 'E08', 1, '2020-10-28 00:00:55', '2020-10-28 00:00:55', NULL),
(172, NULL, 'E09', 1, '2020-10-28 00:01:01', '2020-10-28 00:01:01', NULL),
(173, NULL, 'E10', 1, '2020-10-28 00:01:08', '2020-10-28 00:01:08', NULL),
(174, NULL, 'E11', 1, '2020-10-28 00:01:17', '2020-10-28 00:01:17', NULL),
(175, NULL, 'E12', 1, '2020-10-28 00:01:24', '2020-10-28 00:01:24', NULL),
(176, NULL, 'E13', 1, '2020-10-28 00:01:50', '2020-10-28 00:01:50', NULL),
(177, NULL, 'E14', 1, '2020-10-28 00:01:56', '2020-10-28 00:01:56', NULL),
(178, NULL, 'E15', 1, '2020-10-28 00:02:02', '2020-10-28 00:02:02', NULL),
(179, NULL, 'E16', 1, '2020-10-28 00:02:08', '2020-10-28 00:02:08', NULL),
(180, NULL, 'E17', 1, '2020-10-28 00:02:19', '2020-10-28 00:02:19', NULL),
(181, NULL, 'F01', 1, '2020-10-28 00:02:52', '2020-10-28 00:02:52', NULL),
(182, NULL, 'F02', 1, '2020-10-28 00:03:02', '2020-10-28 00:03:02', NULL),
(183, NULL, 'F03', 1, '2020-10-28 00:03:10', '2020-10-28 00:03:10', NULL),
(184, NULL, 'F04', 1, '2020-10-28 00:03:15', '2020-10-28 00:03:15', NULL),
(185, NULL, 'F05', 1, '2020-10-28 00:03:21', '2020-10-28 00:03:21', NULL),
(186, NULL, 'F06', 1, '2020-10-28 00:03:27', '2020-10-28 00:03:27', NULL),
(187, NULL, 'F07', 1, '2020-10-28 00:03:38', '2020-10-28 00:03:38', NULL),
(188, NULL, 'F08', 1, '2020-10-28 00:03:45', '2020-10-28 00:03:45', NULL),
(189, NULL, 'hgh', 1, '2020-12-07 08:01:49', '2020-12-07 08:01:49', NULL);

-- --------------------------------------------------------

--
-- Table structure for table `location_map`
--

CREATE TABLE `location_map` (
  `id` int(11) NOT NULL,
  `image` varchar(800) NOT NULL,
  `created_at` timestamp NOT NULL DEFAULT CURRENT_TIMESTAMP,
  `updated_at` timestamp NULL DEFAULT NULL,
  `deleted_at` timestamp NULL DEFAULT NULL
) ENGINE=InnoDB DEFAULT CHARSET=latin1;

--
-- Dumping data for table `location_map`
--

INSERT INTO `location_map` (`id`, `image`, `created_at`, `updated_at`, `deleted_at`) VALUES
(5, 'storage/locationmap/HJWZk7iwKm54BPwSUy8kgLgYrJjDJoALILCm2qTh.png', '2020-06-05 11:00:09', '2020-06-05 11:00:09', NULL),
(6, 'storage/locationmap/8f86sJYuW1H4MwCGTwf8WHFuRrTED5Mp9qOdTAxJ.png', '2020-06-05 11:01:56', '2020-06-05 11:01:56', NULL),
(7, 'storage/locationmap/9mdmpxCgJlW95DgvYT98JmmwZ2gPuKr0YWzVgscg.jpeg', '2020-10-27 22:14:17', '2020-10-27 22:14:17', NULL);

-- --------------------------------------------------------

--
-- Table structure for table `migrations`
--

CREATE TABLE `migrations` (
  `id` int(10) UNSIGNED NOT NULL,
  `migration` varchar(255) COLLATE utf8mb4_unicode_ci NOT NULL,
  `batch` int(11) NOT NULL
) ENGINE=InnoDB DEFAULT CHARSET=utf8mb4 COLLATE=utf8mb4_unicode_ci;

--
-- Dumping data for table `migrations`
--

INSERT INTO `migrations` (`id`, `migration`, `batch`) VALUES
(1, '2014_10_12_000000_create_users_table', 1),
(2, '2014_10_12_100000_create_password_resets_table', 1),
(3, '2016_06_01_000001_create_oauth_auth_codes_table', 1),
(4, '2016_06_01_000002_create_oauth_access_tokens_table', 1),
(5, '2016_06_01_000003_create_oauth_refresh_tokens_table', 1),
(6, '2016_06_01_000004_create_oauth_clients_table', 1),
(7, '2016_06_01_000005_create_oauth_personal_access_clients_table', 1),
(8, '2019_08_19_000000_create_failed_jobs_table', 1),
(9, '2020_02_24_123140_create_location_table', 1),
(10, '2020_02_24_123140_create_position_table', 1),
(11, '2020_02_24_123140_create_print_logs_table', 1),
(12, '2020_02_24_123140_create_stock_table', 1),
(13, '2020_02_24_123140_create_timber_table', 1),
(14, '2020_02_24_123150_create_foreign_keys', 1),
(15, '2020_03_24_061955_create_movement_table', 2);

-- --------------------------------------------------------

--
-- Table structure for table `movement`
--

CREATE TABLE `movement` (
  `movement_id` bigint(20) UNSIGNED NOT NULL,
  `stock_id` bigint(20) UNSIGNED NOT NULL,
  `location_id` bigint(20) UNSIGNED NOT NULL,
  `user_id` bigint(20) UNSIGNED DEFAULT NULL,
  `created_at` timestamp NOT NULL DEFAULT CURRENT_TIMESTAMP ON UPDATE CURRENT_TIMESTAMP,
  `updated_at` timestamp NULL DEFAULT NULL,
  `deleted_at` timestamp NULL DEFAULT NULL
) ENGINE=InnoDB DEFAULT CHARSET=utf8mb4 COLLATE=utf8mb4_unicode_ci;

--
-- Dumping data for table `movement`
--

INSERT INTO `movement` (`movement_id`, `stock_id`, `location_id`, `user_id`, `created_at`, `updated_at`, `deleted_at`) VALUES
(1, 19, 24, NULL, '2020-03-24 07:53:06', '2020-03-24 07:53:06', NULL),
(2, 20, 24, NULL, '2020-03-24 07:53:06', '2020-03-24 07:53:06', NULL),
(3, 19, 24, NULL, '2020-03-24 07:54:42', '2020-03-24 07:54:42', NULL),
(4, 20, 26, NULL, '2020-03-24 07:54:43', '2020-03-24 07:54:43', NULL),
(5, 21, 27, 2, '2020-03-24 09:11:54', '2020-03-24 09:11:54', NULL),
(6, 19, 25, 2, '2020-03-24 09:15:39', '2020-03-24 09:15:39', NULL),
(7, 20, 28, 2, '2020-03-24 09:16:35', '2020-03-24 09:16:35', NULL),
(8, 19, 23, NULL, '2020-03-25 01:57:30', '2020-03-25 01:57:30', NULL),
(9, 20, 23, NULL, '2020-03-25 01:57:31', '2020-03-25 01:57:31', NULL),
(10, 19, 27, NULL, '2020-03-25 01:58:58', '2020-03-25 01:58:58', NULL),
(11, 20, 27, NULL, '2020-03-25 01:58:58', '2020-03-25 01:58:58', NULL),
(12, 21, 27, NULL, '2020-03-25 01:58:58', '2020-03-25 01:58:58', NULL),
(13, 19, 25, 2, '2020-03-25 09:27:24', '2020-03-25 09:27:24', NULL),
(14, 19, 25, 2, '2020-03-25 10:35:55', '2020-03-25 10:35:55', NULL),
(15, 19, 23, 2, '2020-03-25 10:39:29', '2020-03-25 10:39:29', NULL),
(16, 20, 25, 2, '2020-03-25 10:39:51', '2020-03-25 10:39:51', NULL),
(17, 19, 23, 2, '2020-03-25 22:31:13', '2020-03-25 22:31:13', NULL),
(18, 19, 28, 2, '2020-03-25 22:31:36', '2020-03-25 22:31:36', NULL),
(19, 21, 24, 2, '2020-03-25 22:37:40', '2020-03-25 22:37:40', NULL),
(20, 21, 23, 2, '2020-03-25 22:38:26', '2020-03-25 22:38:26', NULL),
(21, 19, 28, 2, '2020-03-25 22:49:11', '2020-03-25 22:49:11', NULL),
(22, 21, 23, 2, '2020-03-25 22:49:16', '2020-03-25 22:49:16', NULL),
(23, 20, 25, 2, '2020-03-25 22:49:21', '2020-03-25 22:49:21', NULL),
(24, 22, 29, 2, '2020-03-25 22:50:03', '2020-03-25 22:50:03', NULL),
(25, 22, 29, 2, '2020-03-25 22:52:10', '2020-03-25 22:52:10', NULL),
(26, 22, 29, 1, '2020-06-02 10:05:07', '2020-06-02 10:05:07', NULL),
(27, 19, 28, 1, '2020-06-02 10:05:15', '2020-06-02 10:05:15', NULL),
(28, 20, 26, 1, '2020-06-02 10:05:25', '2020-06-02 10:05:25', NULL),
(29, 19, 30, 1, '2020-06-02 10:06:22', '2020-06-02 10:06:22', NULL),
(30, 21, 24, 15, '2020-06-03 05:07:50', '2020-06-03 05:07:50', NULL),
(31, 21, 24, 15, '2020-06-03 05:11:32', '2020-06-03 05:11:32', NULL),
(32, 20, 26, 1, '2020-06-03 07:17:24', '2020-06-03 07:17:24', NULL),
(33, 22, 29, 1, '2020-06-03 07:17:37', '2020-06-03 07:17:37', NULL),
(34, 19, 30, 1, '2020-06-03 07:28:33', '2020-06-03 07:28:33', NULL),
(35, 19, 30, 1, '2020-06-03 08:10:18', '2020-06-03 08:10:18', NULL),
(36, 21, 24, 1, '2020-06-03 08:10:36', '2020-06-03 08:10:36', NULL),
(37, 20, 26, 1, '2020-06-03 08:11:06', '2020-06-03 08:11:06', NULL),
(38, 22, 29, 1, '2020-06-03 08:11:41', '2020-06-03 08:11:41', NULL),
(39, 22, 29, 1, '2020-06-03 08:11:53', '2020-06-03 08:11:53', NULL),
(40, 19, 28, 15, '2020-06-03 11:28:47', '2020-06-03 11:28:47', NULL),
(41, 21, 28, 15, '2020-06-03 11:28:47', '2020-06-03 11:28:47', NULL),
(42, 22, 24, 1, '2020-06-05 13:35:13', '2020-06-05 13:35:13', NULL),
(43, 22, 30, 1, '2020-06-05 13:36:17', '2020-06-05 13:36:17', NULL),
(44, 22, 30, 1, '2020-06-05 13:38:43', '2020-06-05 13:38:43', NULL),
(45, 20, 27, 15, '2020-06-05 16:03:56', '2020-06-05 16:03:56', NULL),
(46, 20, 29, 15, '2020-06-05 16:05:28', '2020-06-05 16:05:28', NULL),
(47, 23, 31, 1, '2020-06-05 16:07:20', '2020-06-05 16:07:20', NULL),
(48, 24, 31, 1, '2020-06-05 16:07:41', '2020-06-05 16:07:41', NULL),
(49, 24, 24, 15, '2020-06-05 16:08:15', '2020-06-05 16:08:15', NULL),
(50, 25, 29, 5, '2020-06-10 05:12:11', '2020-06-10 05:12:11', NULL),
(51, 26, 30, 5, '2020-06-10 05:55:17', '2020-06-10 05:55:17', NULL),
(52, 27, 30, 5, '2020-06-10 06:13:19', '2020-06-10 06:13:19', NULL),
(53, 28, 28, 5, '2020-06-10 06:20:00', '2020-06-10 06:20:00', NULL),
(54, 29, 28, 5, '2020-06-10 06:22:58', '2020-06-10 06:22:58', NULL),
(55, 30, 30, 5, '2020-06-10 06:25:55', '2020-06-10 06:25:55', NULL),
(56, 31, 28, 5, '2020-06-10 06:59:57', '2020-06-10 06:59:57', NULL),
(57, 32, 24, 5, '2020-06-10 07:15:13', '2020-06-10 07:15:13', NULL),
(58, 33, 30, 15, '2020-06-13 03:48:25', '2020-06-13 03:48:25', NULL),
(59, 29, 28, 2, '2020-06-22 12:48:30', '2020-06-22 12:48:30', NULL),
(60, 19, 28, 2, '2020-06-22 12:49:42', '2020-06-22 12:49:42', NULL),
(61, 31, 28, 2, '2020-06-22 12:49:55', '2020-06-22 12:49:55', NULL),
(62, 29, 28, 2, '2020-06-22 13:40:13', '2020-06-22 13:40:13', NULL),
(63, 19, 28, 2, '2020-06-22 13:40:18', '2020-06-22 13:40:18', NULL),
(64, 21, 28, 2, '2020-06-22 13:40:24', '2020-06-22 13:40:24', NULL),
(65, 28, 28, 2, '2020-06-22 13:40:30', '2020-06-22 13:40:30', NULL),
(66, 20, 29, 2, '2020-06-22 13:40:37', '2020-06-22 13:40:37', NULL),
(67, 27, 30, 2, '2020-06-22 13:40:44', '2020-06-22 13:40:44', NULL),
(68, 22, 30, 2, '2020-06-22 13:40:51', '2020-06-22 13:40:51', NULL),
(69, 22, 30, 2, '2020-06-22 13:40:58', '2020-06-22 13:40:58', NULL),
(70, 22, 30, 2, '2020-06-22 14:19:09', '2020-06-22 14:19:09', NULL),
(71, 19, 30, 3, '2020-06-22 15:38:39', '2020-06-22 15:38:39', NULL),
(72, 34, 23, 2, '2020-06-22 15:44:43', '2020-06-22 15:44:43', NULL),
(73, 34, 23, 2, '2020-06-22 15:44:56', '2020-06-22 15:44:56', NULL),
(74, 35, 23, 3, '2020-06-22 15:45:43', '2020-06-22 15:45:43', NULL),
(75, 36, 23, 1, '2020-06-22 15:46:39', '2020-06-22 15:46:39', NULL),
(76, 36, 23, 2, '2020-06-22 15:47:06', '2020-06-22 15:47:06', NULL),
(77, 36, 27, 20, '2020-06-23 02:40:33', '2020-06-23 02:40:33', NULL),
(78, 37, 30, 20, '2020-06-23 02:41:27', '2020-06-23 02:41:27', NULL),
(79, 36, 27, 2, '2020-06-23 04:24:25', '2020-06-23 04:24:25', NULL),
(80, 25, 29, 2, '2020-06-23 04:24:34', '2020-06-23 04:24:34', NULL),
(81, 26, 30, 2, '2020-06-23 04:24:44', '2020-06-23 04:24:44', NULL),
(82, 33, 30, 2, '2020-06-23 04:24:57', '2020-06-23 04:24:57', NULL),
(83, 30, 30, 2, '2020-06-23 04:25:08', '2020-06-23 04:25:08', NULL),
(84, 23, 31, 2, '2020-06-23 04:25:17', '2020-06-23 04:25:17', NULL),
(85, 24, 24, 2, '2020-06-23 04:25:29', '2020-06-23 04:25:29', NULL),
(86, 32, 24, 2, '2020-06-23 04:25:40', '2020-06-23 04:25:40', NULL),
(87, 31, 28, 2, '2020-06-23 04:25:53', '2020-06-23 04:25:53', NULL),
(88, 29, 28, 2, '2020-06-29 05:10:18', '2020-06-29 05:10:18', NULL),
(89, 38, 23, 25, '2020-10-23 00:44:57', '2020-10-23 00:44:57', NULL),
(90, 39, 23, 2, '2020-10-23 01:33:00', NULL, NULL),
(91, 40, 23, 2, '2020-10-23 01:33:00', NULL, NULL),
(92, 41, 23, 2, '2020-10-23 01:33:00', NULL, NULL),
(93, 42, 23, 2, '2020-10-23 01:33:00', NULL, NULL),
(94, 43, 23, 2, '2020-10-23 01:33:00', NULL, NULL),
(95, 44, 23, 2, '2020-10-23 01:33:00', NULL, NULL),
(96, 45, 23, 2, '2020-10-23 01:33:00', NULL, NULL),
(97, 46, 23, 2, '2020-10-23 01:33:00', NULL, NULL),
(98, 39, 25, 25, '2020-10-23 02:13:47', '2020-10-23 02:13:47', NULL),
(99, 40, 30, 25, '2020-10-23 02:33:22', '2020-10-23 02:33:22', NULL),
(100, 43, 30, 25, '2020-10-23 02:33:22', '2020-10-23 02:33:22', NULL),
(101, 39, 23, 25, '2020-10-27 22:17:25', '2020-10-27 22:17:25', NULL),
(102, 46, 23, 25, '2020-10-27 22:17:25', '2020-10-27 22:17:25', NULL),
(103, 40, 32, 25, '2020-10-27 23:11:20', '2020-10-27 23:11:20', NULL),
(104, 41, 32, 25, '2020-10-27 23:11:20', '2020-10-27 23:11:20', NULL),
(105, 43, 32, 25, '2020-10-27 23:11:20', '2020-10-27 23:11:20', NULL),
(106, 40, 23, 25, '2020-10-27 23:11:46', '2020-10-27 23:11:46', NULL),
(107, 40, 32, 25, '2020-10-27 23:13:00', '2020-10-27 23:13:00', NULL),
(108, 37, 32, 2, '2020-10-27 23:31:26', '2020-10-27 23:31:26', NULL),
(109, 39, 32, 25, '2020-10-28 03:26:05', '2020-10-28 03:26:05', NULL),
(110, 46, 32, 25, '2020-10-28 03:26:05', '2020-10-28 03:26:05', NULL),
(111, 42, 32, 25, '2020-10-28 03:27:05', '2020-10-28 03:27:05', NULL),
(112, 44, 32, 25, '2020-10-28 03:27:05', '2020-10-28 03:27:05', NULL),
(113, 45, 32, 25, '2020-10-28 03:27:05', '2020-10-28 03:27:05', NULL),
(114, 40, 32, 25, '2020-10-28 03:27:57', '2020-10-28 03:27:57', NULL),
(115, 41, 32, 25, '2020-10-28 03:27:57', '2020-10-28 03:27:57', NULL),
(116, 43, 32, 25, '2020-10-28 03:27:57', '2020-10-28 03:27:57', NULL),
(117, 47, 23, 2, '2020-10-29 21:41:43', NULL, NULL),
(118, 48, 23, 2, '2020-10-29 21:41:43', NULL, NULL),
(119, 49, 23, 2, '2020-10-29 21:41:43', NULL, NULL),
(120, 50, 23, 2, '2020-10-29 21:41:43', NULL, NULL),
(121, 51, 23, 2, '2020-10-29 21:41:43', NULL, NULL),
(122, 52, 23, 2, '2020-10-29 21:41:43', NULL, NULL),
(123, 53, 23, 2, '2020-10-29 21:41:43', NULL, NULL),
(124, 54, 23, 2, '2020-10-29 21:41:43', NULL, NULL),
(125, 55, 23, 2, '2020-10-29 21:41:43', NULL, NULL),
(126, 56, 23, 2, '2020-10-29 21:41:43', NULL, NULL),
(127, 57, 23, 2, '2020-10-29 21:41:43', NULL, NULL),
(128, 58, 23, 2, '2020-10-29 21:41:43', NULL, NULL),
(129, 59, 23, 2, '2020-10-29 21:41:43', NULL, NULL),
(130, 60, 23, 2, '2020-10-29 21:41:43', NULL, NULL),
(131, 61, 23, 2, '2020-10-29 21:41:43', NULL, NULL),
(132, 62, 23, 2, '2020-10-29 21:41:43', NULL, NULL),
(133, 63, 23, 2, '2020-10-29 21:41:43', NULL, NULL),
(134, 64, 23, 2, '2020-10-29 21:41:43', NULL, NULL),
(135, 65, 23, 2, '2020-10-29 21:41:43', NULL, NULL),
(136, 66, 23, 2, '2020-10-29 21:41:43', NULL, NULL),
(137, 30, 32, 2, '2020-10-29 21:44:20', '2020-10-29 21:44:20', NULL),
(138, 62, 27, 25, '2020-10-29 21:47:33', '2020-10-29 21:47:33', NULL),
(139, 63, 27, 25, '2020-10-29 21:47:33', '2020-10-29 21:47:33', NULL),
(140, 64, 27, 25, '2020-10-29 21:47:33', '2020-10-29 21:47:33', NULL),
(141, 65, 27, 25, '2020-10-29 21:47:33', '2020-10-29 21:47:33', NULL),
(142, 63, 68, 25, '2020-10-29 23:40:13', '2020-10-29 23:40:13', NULL),
(143, 63, 67, 25, '2020-10-29 23:41:29', '2020-10-29 23:41:29', NULL),
(144, 49, 40, 25, '2020-10-29 23:53:51', '2020-10-29 23:53:51', NULL),
(145, 50, 40, 25, '2020-10-29 23:53:51', '2020-10-29 23:53:51', NULL),
(146, 52, 40, 25, '2020-10-29 23:53:51', '2020-10-29 23:53:51', NULL),
(147, 53, 40, 25, '2020-10-29 23:53:51', '2020-10-29 23:53:51', NULL),
(148, 55, 40, 25, '2020-10-29 23:53:51', '2020-10-29 23:53:51', NULL),
(149, 57, 40, 25, '2020-10-29 23:53:51', '2020-10-29 23:53:51', NULL),
(150, 59, 40, 25, '2020-10-29 23:53:51', '2020-10-29 23:53:51', NULL),
(151, 62, 40, 25, '2020-10-29 23:53:51', '2020-10-29 23:53:51', NULL),
(152, 63, 40, 25, '2020-10-29 23:53:51', '2020-10-29 23:53:51', NULL),
(153, 64, 40, 25, '2020-10-29 23:53:51', '2020-10-29 23:53:51', NULL),
(154, 64, 39, 25, '2020-10-29 23:55:49', '2020-10-29 23:55:49', NULL),
(155, 67, 32, 25, '2020-10-30 00:27:35', '2020-10-30 00:27:35', NULL),
(156, 47, 27, 25, '2020-10-30 02:03:15', '2020-10-30 02:03:15', NULL),
(157, 51, 27, 25, '2020-10-30 02:03:15', '2020-10-30 02:03:15', NULL),
(158, 54, 27, 25, '2020-10-30 02:03:15', '2020-10-30 02:03:15', NULL),
(159, 58, 27, 25, '2020-10-30 02:03:15', '2020-10-30 02:03:15', NULL),
(160, 60, 27, 25, '2020-10-30 02:03:15', '2020-10-30 02:03:15', NULL),
(161, 61, 27, 25, '2020-10-30 02:03:15', '2020-10-30 02:03:15', NULL),
(162, 65, 27, 25, '2020-10-30 02:03:15', '2020-10-30 02:03:15', NULL),
(163, 66, 27, 25, '2020-10-30 02:03:15', '2020-10-30 02:03:15', NULL),
(164, 61, 32, 25, '2020-10-30 02:21:21', '2020-10-30 02:21:21', NULL),
(165, 47, 32, 25, '2020-10-30 02:52:42', '2020-10-30 02:52:42', NULL),
(166, 48, 32, 25, '2020-10-30 02:52:42', '2020-10-30 02:52:42', NULL),
(167, 49, 32, 25, '2020-10-30 02:52:42', '2020-10-30 02:52:42', NULL),
(168, 50, 32, 25, '2020-10-30 02:52:42', '2020-10-30 02:52:42', NULL),
(169, 51, 32, 25, '2020-10-30 02:52:42', '2020-10-30 02:52:42', NULL),
(170, 52, 32, 25, '2020-10-30 02:52:42', '2020-10-30 02:52:42', NULL),
(171, 53, 32, 25, '2020-10-30 02:52:42', '2020-10-30 02:52:42', NULL),
(172, 54, 32, 25, '2020-10-30 02:52:42', '2020-10-30 02:52:42', NULL),
(173, 57, 32, 25, '2020-10-30 02:52:42', '2020-10-30 02:52:42', NULL),
(174, 58, 32, 25, '2020-10-30 02:52:42', '2020-10-30 02:52:42', NULL),
(175, 59, 32, 25, '2020-10-30 02:52:42', '2020-10-30 02:52:42', NULL),
(176, 60, 32, 25, '2020-10-30 02:52:42', '2020-10-30 02:52:42', NULL),
(177, 61, 32, 25, '2020-10-30 02:52:42', '2020-10-30 02:52:42', NULL),
(178, 62, 32, 25, '2020-10-30 02:52:42', '2020-10-30 02:52:42', NULL),
(179, 63, 32, 25, '2020-10-30 02:52:42', '2020-10-30 02:52:42', NULL),
(180, 64, 32, 25, '2020-10-30 02:52:42', '2020-10-30 02:52:42', NULL),
(181, 65, 32, 25, '2020-10-30 02:52:42', '2020-10-30 02:52:42', NULL),
(182, 67, 32, 25, '2020-10-30 02:52:42', '2020-10-30 02:52:42', NULL),
(183, 67, 33, 25, '2020-10-30 02:54:34', '2020-10-30 02:54:34', NULL),
(184, 42, 32, 25, '2020-11-02 23:21:20', '2020-11-02 23:21:20', NULL),
(185, 39, 32, 25, '2020-11-02 23:29:51', '2020-11-02 23:29:51', NULL),
(186, 40, 33, 25, '2020-11-03 23:04:20', '2020-11-03 23:04:20', NULL),
(187, 65, 33, 25, '2020-11-04 03:33:49', '2020-11-04 03:33:49', NULL),
(188, 45, 33, 25, '2020-11-05 18:17:06', '2020-11-05 18:17:06', NULL),
(189, 45, 167, 25, '2020-11-05 21:56:43', '2020-11-05 21:56:43', NULL),
(190, 45, 103, 25, '2020-11-05 21:57:10', '2020-11-05 21:57:10', NULL),
(191, 45, 103, 25, '2020-11-06 09:20:46', '2020-11-06 09:20:46', NULL),
(192, 44, 47, 25, '2020-11-08 22:03:43', '2020-11-08 22:03:43', NULL),
(193, 33, 63, 25, '2020-11-08 22:07:21', '2020-11-08 22:07:21', NULL),
(194, 27, 63, 25, '2020-11-08 22:07:21', '2020-11-08 22:07:21', NULL),
(195, 26, 63, 25, '2020-11-08 22:07:21', '2020-11-08 22:07:21', NULL),
(196, 22, 63, 25, '2020-11-08 22:07:21', '2020-11-08 22:07:21', NULL),
(197, 19, 63, 25, '2020-11-08 22:07:21', '2020-11-08 22:07:21', NULL),
(198, 19, 63, 25, '2020-11-08 22:34:38', '2020-11-08 22:34:38', NULL),
(199, 29, 28, 2, '2020-11-14 15:13:10', '2020-11-14 15:13:10', NULL),
(200, 40, 67, 25, '2020-11-19 21:22:05', '2020-11-19 21:22:05', NULL),
(201, 41, 67, 25, '2020-11-19 21:44:15', '2020-11-19 21:44:15', NULL),
(202, 39, 32, 25, '2020-11-19 21:45:53', '2020-11-19 21:45:53', NULL),
(203, 46, 32, 25, '2020-11-19 21:45:53', '2020-11-19 21:45:53', NULL),
(204, 39, 69, 25, '2020-11-19 21:47:03', '2020-11-19 21:47:03', NULL),
(205, 46, 69, 25, '2020-11-19 21:47:03', '2020-11-19 21:47:03', NULL),
(206, 41, 64, 25, '2020-11-19 21:51:26', '2020-11-19 21:51:26', NULL),
(207, 40, 64, 25, '2020-11-19 22:05:31', '2020-11-19 22:05:31', NULL),
(208, 41, 64, 25, '2020-11-19 22:05:31', '2020-11-19 22:05:31', NULL),
(209, 51, 35, 28, '2020-12-07 08:37:44', '2020-12-07 08:37:44', NULL),
(210, 37, 32, 28, '2020-12-07 10:18:14', '2020-12-07 10:18:14', NULL),
(211, 37, 160, 28, '2020-12-07 10:39:54', '2020-12-07 10:39:54', NULL),
(212, 37, 34, 28, '2020-12-07 10:46:17', '2020-12-07 10:46:17', NULL),
(213, 64, 48, 28, '2020-12-07 12:59:33', '2020-12-07 12:59:33', NULL),
(214, 63, 36, 28, '2020-12-07 14:54:59', '2020-12-07 14:54:59', NULL),
(215, 62, 36, 28, '2020-12-07 14:54:59', '2020-12-07 14:54:59', NULL),
(216, 43, 32, 28, '2020-12-07 14:55:17', '2020-12-07 14:55:17', NULL),
(217, 42, 32, 28, '2020-12-07 14:55:17', '2020-12-07 14:55:17', NULL),
(218, 61, 33, 28, '2020-12-08 05:27:30', '2020-12-08 05:27:30', NULL);

-- --------------------------------------------------------

--
-- Table structure for table `oauth_access_tokens`
--

CREATE TABLE `oauth_access_tokens` (
  `id` varchar(100) COLLATE utf8mb4_unicode_ci NOT NULL,
  `user_id` bigint(20) UNSIGNED DEFAULT NULL,
  `client_id` bigint(20) UNSIGNED NOT NULL,
  `name` varchar(255) COLLATE utf8mb4_unicode_ci DEFAULT NULL,
  `scopes` text COLLATE utf8mb4_unicode_ci,
  `revoked` tinyint(1) NOT NULL,
  `created_at` timestamp NULL DEFAULT NULL,
  `updated_at` timestamp NULL DEFAULT NULL,
  `expires_at` datetime DEFAULT NULL
) ENGINE=InnoDB DEFAULT CHARSET=utf8mb4 COLLATE=utf8mb4_unicode_ci;

--
-- Dumping data for table `oauth_access_tokens`
--

INSERT INTO `oauth_access_tokens` (`id`, `user_id`, `client_id`, `name`, `scopes`, `revoked`, `created_at`, `updated_at`, `expires_at`) VALUES
('01db9f3f92e2e4ee08000ab2996bdf4fd9537013fea677a568db6c9bbb445cf6cc483dbc461717fd', 15, 1, 'authToken', '[]', 0, '2020-06-19 16:07:30', '2020-06-19 16:07:30', '2020-12-19 16:07:30'),
('02d7c2f28ee2208d0bdcf75367301c5a4c67200db29de1a04b38f7f9ea0fa263283a2db44319d94e', 9, 1, 'authToken', '[]', 0, '2020-06-06 05:16:26', '2020-06-06 05:16:26', '2020-12-06 05:16:26'),
('03635a6d23cc9e79ed07878d20f12efcaa04cca2463b222e947d5aaae2ef78b09fa75f156eec8a9e', 3, 1, 'authToken', '[]', 0, '2020-06-20 04:28:32', '2020-06-20 04:28:32', '2020-12-20 04:28:32'),
('0474918a36954a0cbed5dd70c4641a2da41a4402a36ca4f5138aa7d6ecf993e2aff813662f90cae4', 15, 1, 'authToken', '[]', 0, '2020-06-03 04:59:26', '2020-06-03 04:59:26', '2020-12-03 04:59:26'),
('0c76fdf91da1a84d83269a0991b1527f4ae53ec7d3cac96514e82c39350e991dab5d60eb32cff796', 15, 1, 'authToken', '[]', 0, '2020-06-13 03:38:46', '2020-06-13 03:38:46', '2020-12-13 03:38:46'),
('0e2c1c8f45d0c1a206968a27277af7df8ee76c48b46cf3d84b2e8f4112fb53dff722df361bff46f7', 3, 1, 'authToken', '[]', 0, '2020-06-22 14:13:08', '2020-06-22 14:13:08', '2020-12-22 14:13:08'),
('13b6a2f539e908f37905098960321b80c6c2551d190de323e5e26816ff6f528d4766113337a9b194', 15, 1, 'authToken', '[]', 0, '2020-06-12 05:41:35', '2020-06-12 05:41:35', '2020-12-12 05:41:35'),
('16934fa8a65f490652e52ecdacbac6538e15fef84a16472ec9600fdaeb9eebffade11913b6dda208', 3, 1, 'authToken', '[]', 0, '2020-06-22 15:38:12', '2020-06-22 15:38:12', '2020-12-22 15:38:12'),
('194fd34709079ac00d36d66c19dd7bfca299107b66b15f9499dad7ec0845d08f7b471ba7b5052857', 1, 1, 'authToken', '[]', 0, '2020-06-04 13:54:23', '2020-06-04 13:54:23', '2020-12-04 13:54:23'),
('1aa0bd39bd00b19b557daae7e8f7ec27bae601e0f686657dba9a84b6ccce33a0bf48492c9cdd90f9', 1, 1, 'authToken', '[]', 0, '2020-06-06 05:18:41', '2020-06-06 05:18:41', '2020-12-06 05:18:41'),
('20708356e835ad05e2ab8a8dee92af74c5b0f03b512f883a0a71629d066b2cc66327e71b44abce2b', 15, 1, 'authToken', '[]', 0, '2020-06-04 03:35:56', '2020-06-04 03:35:56', '2020-12-04 03:35:56'),
('2244397bcef08a7837938417ed8aecec10fec7529614876ac55cb1ca0c1d5996bb9c13d3e7d6c81a', 25, 1, 'authToken', '[]', 0, '2020-10-23 00:32:12', '2020-10-23 00:32:12', '2021-04-23 00:32:12'),
('2263bc8e65908568731260e9688c78af45cfcd1ef9f1bfb0dbbb595a547a1235f6a68b6c14b793a0', 15, 1, 'authToken', '[]', 0, '2020-06-08 07:11:28', '2020-06-08 07:11:28', '2020-12-08 07:11:28'),
('232cdb9a85d59b777f07c7f23afa98cd4b8585e17a4c56a4cf234576ea40349a1546713d44c18ef2', 15, 1, 'authToken', '[]', 0, '2020-06-05 06:53:58', '2020-06-05 06:53:58', '2020-12-05 06:53:58'),
('23517a8ed162f02fd61bfff8295b79e5fd63438ab49c46b2acf4346755c49c95adfabc57b4c57488', 3, 1, 'authToken', '[]', 0, '2020-06-09 14:13:14', '2020-06-09 14:13:14', '2020-12-09 14:13:13'),
('2539615b8231e5f839d539c96f0ca2226875f4b841761a269a05975d6e6e23be4113bb7419c75669', 18, 1, 'authToken', '[]', 0, '2020-06-08 06:15:45', '2020-06-08 06:15:45', '2020-12-08 06:15:45'),
('268ee7f073acfc41068f48214126ac907b3d6fe6f40cc795c9d2cf5028d8080c6a6e323ede2b7e5b', 1, 1, 'authToken', '[]', 0, '2020-06-04 09:25:44', '2020-06-04 09:25:44', '2020-12-04 09:25:44'),
('26c41bff0699ad7bddeaa50886b4ee586646862281a56d4ac5e27faaec870b869c190e1419abb2b0', 18, 1, 'authToken', '[]', 0, '2020-06-08 06:16:24', '2020-06-08 06:16:24', '2020-12-08 06:16:24'),
('29c2b602af4392cf971a0ba16bae917ab4142f424ff55333cf41bbf0f20a9d29ebdbb72e40d21c6a', 15, 1, 'authToken', '[]', 0, '2020-06-04 13:31:02', '2020-06-04 13:31:02', '2020-12-04 13:31:02'),
('2fb7d6212b4d1ba9135ecf533956b84cefbf7b42f4a9b03ea7160f2da118b2d64bf273fc077de164', 1, 1, 'authToken', '[]', 0, '2020-06-06 05:05:02', '2020-06-06 05:05:02', '2020-12-06 05:05:02'),
('3218df9f68d18e32bbbe661da416632c112f6229bf6997f52e765e682e5c04fa33b0c01a15be6ec7', 3, 1, 'authToken', '[]', 0, '2020-06-22 13:53:50', '2020-06-22 13:53:50', '2020-12-22 13:53:50'),
('390dd7bfb90debb7c1e9a18b8218515e99a437dca642e282b4d3dcd0eb49e3d1c9418d8e427b1ee9', 15, 1, 'authToken', '[]', 0, '2020-06-04 07:10:55', '2020-06-04 07:10:55', '2020-12-04 07:10:54'),
('39f6b839248d41454ed3ea73d943a989bded444fbda7652c6627810f1dbff2d8593b9a3e0f41fd58', 9, 1, 'authToken', '[]', 0, '2020-06-09 08:01:17', '2020-06-09 08:01:17', '2020-12-09 08:01:17'),
('3a9cdbef7afb033586fee05259dea8eb71338b22468e23d2d269ddbec6aa16a2421b5bf77e3b2d1a', 15, 1, 'authToken', '[]', 0, '2020-06-19 11:14:41', '2020-06-19 11:14:41', '2020-12-19 11:14:41'),
('40be8f287d18b9f167611a4d361d05b7b43855bcfe43e52b3d2439efd8018692ac904e8fbb10994b', 15, 1, 'authToken', '[]', 0, '2020-06-05 04:14:56', '2020-06-05 04:14:56', '2020-12-05 04:14:56'),
('4e5efeb7d059e19c36d0129a98328aad358adbb4a431e12a9426f1bbf588e79eb46ed1058524f195', 26, 1, 'authToken', '[]', 0, '2020-10-27 04:47:46', '2020-10-27 04:47:46', '2021-04-27 04:47:45'),
('4f544eb20486d40ea8061bce732fe5f3a1672220448ee0f0f873686a2f16d701ea913a1be804b7cb', 15, 1, 'authToken', '[]', 0, '2020-06-19 11:37:30', '2020-06-19 11:37:30', '2020-12-19 11:37:30'),
('4fa4a0b042d85f66db73bdb72d26d3659ab447e712a59dc69dad1280cf5e494e50ce0f68f091faff', 15, 1, 'authToken', '[]', 0, '2020-06-04 13:46:40', '2020-06-04 13:46:40', '2020-12-04 13:46:40'),
('4fbef78e44ec9f6ef4ddbeaeb4551f2ec5efe36c8b3757206da3f64810a5ca507ad07df0b2621637', 15, 1, 'authToken', '[]', 0, '2020-06-05 09:13:06', '2020-06-05 09:13:06', '2020-12-05 09:13:06'),
('50f0fa604a520b2a42fdf5250b553fb5f123faa27a7442d97d407fdabd09a1198d97ee43afe3edd8', 15, 1, 'authToken', '[]', 0, '2020-06-05 06:18:55', '2020-06-05 06:18:55', '2020-12-05 06:18:55'),
('533e218b5f69ae9b3a791a0064e1267ff9107f246a4cac61db7ad98ba18553b9b546ab3e64025b31', 15, 1, 'authToken', '[]', 0, '2020-06-04 13:43:11', '2020-06-04 13:43:11', '2020-12-04 13:43:11'),
('539b9384b495a1ef371f67e414184d6f5eeeddbad7293eaede807481587ae63e2789ee91597fe215', 2, 1, 'authToken', '[]', 0, '2020-06-06 05:18:26', '2020-06-06 05:18:26', '2020-12-06 05:18:26'),
('5ae99f8f89b80ee2fcbf606995bc2c9176209263c563855edca5606fd911bb1c2d4a503ddacbdf83', 9, 1, 'authToken', '[]', 0, '2020-06-09 08:00:43', '2020-06-09 08:00:43', '2020-12-09 08:00:43'),
('5c26def54cc21e01f82786074b6d5e51e2681267cc9e11893e7868a0c528f7072a1359bcbb650656', 9, 1, 'authToken', '[]', 0, '2020-06-06 05:15:41', '2020-06-06 05:15:41', '2020-12-06 05:15:40'),
('5c60af3c33baa79792c26ac012f5a6f3ab02612e6d57367104fd0177416d3d6aa00e0011f0ae6780', 1, 1, 'authToken', '[]', 0, '2020-06-04 13:54:19', '2020-06-04 13:54:19', '2020-12-04 13:54:19'),
('5c7d40d50864d974d7274ee826d751248256166014c52dd0096119a77293e8a2b849374869e92d62', 20, 1, 'authToken', '[]', 0, '2020-06-23 02:40:09', '2020-06-23 02:40:09', '2020-12-23 02:40:09'),
('6574529664314e750c26e54d8e5e2f5972f484dcaa81cf2a206d2c1587f358211af574287c1d8e75', 15, 1, 'authToken', '[]', 0, '2020-06-05 07:02:32', '2020-06-05 07:02:32', '2020-12-05 07:02:32'),
('668ec194211021c26a8af74297c5a3f4dc3b5efefe4371d8356940e935e687f1d08368da3c59d1ca', 28, 1, 'authToken', '[]', 0, '2020-12-04 06:31:45', '2020-12-04 06:31:45', '2021-06-04 06:31:45'),
('68cba65c42eb7d208883bd96f98e040fa1337cedf42303fa61c79d9e37e576b15afc0cac824bbb81', 15, 1, 'authToken', '[]', 0, '2020-06-20 04:12:46', '2020-06-20 04:12:46', '2020-12-20 04:12:46'),
('6e3887613a1ecc92cdd715813b3affb9ba804f2d210c7b9c7ab967af9f19b00b979b0d87b8576f61', 3, 1, 'authToken', '[]', 0, '2020-06-22 13:57:59', '2020-06-22 13:57:59', '2020-12-22 13:57:59'),
('6ec1749cb5397fa31e00d6f75fde75b2a77576faf69f3d5849a7b20e760c60e88bfef624d6a7c6bb', 15, 1, 'authToken', '[]', 0, '2020-06-03 05:00:43', '2020-06-03 05:00:43', '2020-12-03 05:00:43'),
('732ce3909b98a028c5fb4867ed4077864459c532f5bafe757a1b84f52279e65999e66d99d1c20b98', 15, 1, 'authToken', '[]', 0, '2020-06-09 14:19:22', '2020-06-09 14:19:22', '2020-12-09 14:19:22'),
('79d046d66e32554e5e0989ea6e1d8996ea62a6b28bc3eb14be871c789ff954ffb41d7e2db041408f', 15, 1, 'authToken', '[]', 0, '2020-06-05 04:16:01', '2020-06-05 04:16:01', '2020-12-05 04:16:01'),
('7ac2eb6e96ce6061d7fc8a83c93fa28ff6e9304f40db424e8abbeffbdc925e60b692cb1bb93628c0', 15, 1, 'authToken', '[]', 0, '2020-06-05 06:18:51', '2020-06-05 06:18:51', '2020-12-05 06:18:51'),
('82312af2e64cc64d63fac9ba4e52f6abccc9aaa4fa9fb0c235d503fb48088fd41bbdb54285f33964', 15, 1, 'authToken', '[]', 0, '2020-06-17 11:51:31', '2020-06-17 11:51:31', '2020-12-17 11:51:31'),
('824c684292f064504dcdb21597fe9670ecbb7fd2ce54dc767f39b2b8638c9329c74c98a9852ebab7', 15, 1, 'authToken', '[]', 0, '2020-06-05 16:03:19', '2020-06-05 16:03:19', '2020-12-05 16:03:19'),
('857bd5bb879554cf7dbac468bc57b6337e13ee438f66accae511c0d9a3258d4da1626d9d7769c91d', 3, 1, 'authToken', '[]', 0, '2020-06-08 13:35:38', '2020-06-08 13:35:38', '2020-12-08 13:35:38'),
('8c4745e4649926ba62ffe06db8f6ec1ed5602f86ae73a9926acae09b0a0b272526504b95feb72790', 15, 1, 'authToken', '[]', 0, '2020-06-04 14:12:24', '2020-06-04 14:12:24', '2020-12-04 14:12:24'),
('8d6fbb0a488e39036e63ec131725509eff9ede6dbfef527943e36b03b17d140e69b0eac2845c5d09', 1, 1, 'authToken', '[]', 0, '2020-06-04 13:57:02', '2020-06-04 13:57:02', '2020-12-04 13:57:02'),
('8dbf6fab30a9771bfd2af35056b2228fd7d9cfd5764038f3f04b2d3461f1cf92416756e5dd2345fa', 3, 1, 'authToken', '[]', 0, '2020-06-22 14:03:02', '2020-06-22 14:03:02', '2020-12-22 14:03:02'),
('911878b7810a530cd2f18bfe44fe43c0e4b707d23e6094f2b2cb613525c9b521f08a82b91da085c3', 9, 1, 'authToken', '[]', 0, '2020-06-09 16:51:23', '2020-06-09 16:51:23', '2020-12-09 16:51:23'),
('921ac77999a08422f4ed6e29e1f91a2dc99638faf71af55df3a4e7c7eef06bad563cd0c22c6a0087', 15, 1, 'authToken', '[]', 0, '2020-06-13 03:38:01', '2020-06-13 03:38:01', '2020-12-13 03:38:01'),
('9490c06b97ac370771b881c461900694e33151179b8257605dbfab6b41e3fd75ef6685cb11325a94', 15, 1, 'authToken', '[]', 0, '2020-06-03 05:02:10', '2020-06-03 05:02:10', '2020-12-03 05:02:09'),
('950d729cfbbb804450f880fcd678cf2c83506cc4610c1891f5cd9924c6a7dfada8f69eace3df6fd5', 3, 1, 'authToken', '[]', 0, '2020-06-08 12:44:39', '2020-06-08 12:44:39', '2020-12-08 12:44:39'),
('a0a4f0c5fba40e3f248136b99eddb5f4b4f1ebcf4798ff86a84a85a1f328f650000c4c0261d911e9', 15, 1, 'authToken', '[]', 0, '2020-06-20 11:22:59', '2020-06-20 11:22:59', '2020-12-20 11:22:59'),
('a0bf8ac0de459a71346c45c6031b61053194c4674cf8eac6d91b0fd26e16275c3114eaad01646a52', 18, 1, 'authToken', '[]', 0, '2020-06-08 06:13:58', '2020-06-08 06:13:58', '2020-12-08 06:13:58'),
('a9cfad1636c7d95c34ef01463d443debe800a55cf0252a37e27eddc4de4a7573394c7df788cde979', 18, 1, 'authToken', '[]', 0, '2020-06-08 10:52:32', '2020-06-08 10:52:32', '2020-12-08 10:52:32'),
('aa749a4be4a26d3b02481e6929b4e3228c3c201f073774d058315bc61f90f8521ace0858dd584699', 20, 1, 'authToken', '[]', 0, '2020-06-08 06:43:50', '2020-06-08 06:43:50', '2020-12-08 06:43:50'),
('ae6cc1340e930a9c6c07f26108bf16ac43173269f5188ee77ed9e4e04cd35db80d51ef37414fd687', 2, 1, 'authToken', '[]', 0, '2020-06-06 05:17:33', '2020-06-06 05:17:33', '2020-12-06 05:17:33'),
('af263a802a83ddc3e91b70002c649cfbe408bc223869a72d56a9a1062ccb2d4c1b8408a3350d80c2', 3, 1, 'authToken', '[]', 0, '2020-06-09 12:48:48', '2020-06-09 12:48:48', '2020-12-09 12:48:48'),
('b42668b7d25a34cfaf2a29366740189f845358ef79ab37eaa4f5b48e3d6a1495514b1f278024927d', 15, 1, 'authToken', '[]', 0, '2020-06-05 04:15:33', '2020-06-05 04:15:33', '2020-12-05 04:15:32'),
('b80207f8d6a4dc9ca9d3369bc30a7353dda372a1296492d36f569badc3a4b37aa9c2509b3ae311dc', 28, 1, 'authToken', '[]', 0, '2020-12-03 14:35:00', '2020-12-03 14:35:00', '2021-06-03 14:35:00'),
('b8e869cbd6eb3c514365535a2526a6ec5f38473f146d3294f878c9f9357bb464b3e00aad026f3829', 3, 1, 'authToken', '[]', 0, '2020-06-22 14:03:20', '2020-06-22 14:03:20', '2020-12-22 14:03:20'),
('b9c582c142b654fc67f7c8f2b7eb7871ede821f47481e0c50e3aa385db09d765993b7a4b6d07a223', 15, 1, 'authToken', '[]', 0, '2020-06-13 03:34:11', '2020-06-13 03:34:11', '2020-12-13 03:34:11'),
('c35280cbc23bba4980bd101d2074e6157458c747e6216c650e56c443fd73d34bdfc671d21e96c1bf', 28, 1, 'authToken', '[]', 0, '2020-12-07 06:15:48', '2020-12-07 06:15:48', '2021-06-07 06:15:48'),
('c807fd7fb3911966ec9b5de08b1d65ceb04689f2069883b769e366cad10c72f0f800c091f64344a0', 3, 1, 'authToken', '[]', 0, '2020-06-22 14:43:06', '2020-06-22 14:43:06', '2020-12-22 14:43:06'),
('c8446435e241321ebc5e5dab0517cc0238f9dd6e9e33ac8869cc3ca294a7744c994d957cb7b2f02c', 15, 1, 'authToken', '[]', 0, '2020-06-04 06:19:39', '2020-06-04 06:19:39', '2020-12-04 06:19:39'),
('cc0dadf44161468510e6a28c91e1f59b817097aa8333b7795aacb4edd7c68ee9904e53cfff55b179', 18, 1, 'authToken', '[]', 0, '2020-06-08 06:12:42', '2020-06-08 06:12:42', '2020-12-08 06:12:42'),
('cc8c8f5f3ec89d78bba41b7efb1e1705bb313977acc52c545bf5b05698b4c9fc0caac1d009bae76b', 9, 1, 'authToken', '[]', 0, '2020-06-22 13:52:30', '2020-06-22 13:52:30', '2020-12-22 13:52:30'),
('ce26052ce22f6456c49e0be750795fe93d9028335b711c888c64904e0d6b7d99366d15c9b244a828', 15, 1, 'authToken', '[]', 0, '2020-06-06 05:11:31', '2020-06-06 05:11:31', '2020-12-06 05:11:31'),
('cf629d4ff34b8ca47919ce29cad620d1bf34351d23f79030d836f2680d2225896c6a000617bbf4d2', 15, 1, 'authToken', '[]', 0, '2020-06-05 05:16:11', '2020-06-05 05:16:11', '2020-12-05 05:16:11'),
('d2f7b5f5382b2c6e0edc6f55e41cadc47dd288666bb8c4e41209cfdbdcf269734afbe2d56766835c', 3, 1, 'authToken', '[]', 0, '2020-06-22 13:55:57', '2020-06-22 13:55:57', '2020-12-22 13:55:57'),
('d7bd0bef071b2a9fec302f3e444e56d0bb9db38adddff3ad27a841ecdc5e3172da1d33dfac6ad5f8', 1, 1, 'authToken', '[]', 0, '2020-06-04 12:40:37', '2020-06-04 12:40:37', '2020-12-04 12:40:37'),
('d8a6859c766e964673a14b4ba91b6139d6821c2ba7ac28620acae9a655de1b9bb45b18e1789325c8', 15, 1, 'authToken', '[]', 0, '2020-06-19 14:08:13', '2020-06-19 14:08:13', '2020-12-19 14:08:13'),
('dc202e9a51970fedd6208728ad14950fcf5230946f4a0c756571a4eafc0c70fa59b2469843235d66', 15, 1, 'authToken', '[]', 0, '2020-06-05 07:05:26', '2020-06-05 07:05:26', '2020-12-05 07:05:26'),
('de1af95ed80fa69ea4d994e1fc4da56e2f82bf5b1e9b3443eabfa76b0a850fbb9e6cbcb2e002c53f', 19, 1, 'authToken', '[]', 0, '2020-06-08 06:04:51', '2020-06-08 06:04:51', '2020-12-08 06:04:51'),
('ed72b973a482c7e1721773b744078e4d792b5e02dd1ab6d71e89ba0a535b4afc94df8d0667adcbb0', 1, 1, 'authToken', '[]', 0, '2020-06-03 06:18:15', '2020-06-03 06:18:15', '2020-12-03 06:18:14'),
('f1e1549c9cbe0591f9e770e07880d95a9567e53195d6559e1a811690256e482da965a814e716efde', 15, 1, 'authToken', '[]', 0, '2020-06-20 04:16:41', '2020-06-20 04:16:41', '2020-12-20 04:16:41'),
('f8e2eb37aaea28520c579f5f244c143bbb5926c30e983e7893f492a8811d0ac2698b9a081e3ef10b', 15, 1, 'authToken', '[]', 0, '2020-06-09 05:36:58', '2020-06-09 05:36:58', '2020-12-09 05:36:57'),
('fe27ec2d673f033fed251a53d200a6fb3a67b1ffa80d698ba3af5464611c810e2daf1e9266ad299f', 9, 1, 'authToken', '[]', 0, '2020-06-06 05:18:57', '2020-06-06 05:18:57', '2020-12-06 05:18:56');

-- --------------------------------------------------------

--
-- Table structure for table `oauth_auth_codes`
--

CREATE TABLE `oauth_auth_codes` (
  `id` varchar(100) COLLATE utf8mb4_unicode_ci NOT NULL,
  `user_id` bigint(20) UNSIGNED NOT NULL,
  `client_id` bigint(20) UNSIGNED NOT NULL,
  `scopes` text COLLATE utf8mb4_unicode_ci,
  `revoked` tinyint(1) NOT NULL,
  `expires_at` datetime DEFAULT NULL
) ENGINE=InnoDB DEFAULT CHARSET=utf8mb4 COLLATE=utf8mb4_unicode_ci;

-- --------------------------------------------------------

--
-- Table structure for table `oauth_clients`
--

CREATE TABLE `oauth_clients` (
  `id` bigint(20) UNSIGNED NOT NULL,
  `user_id` bigint(20) UNSIGNED DEFAULT NULL,
  `name` varchar(255) COLLATE utf8mb4_unicode_ci NOT NULL,
  `secret` varchar(100) COLLATE utf8mb4_unicode_ci DEFAULT NULL,
  `redirect` text COLLATE utf8mb4_unicode_ci NOT NULL,
  `personal_access_client` tinyint(1) NOT NULL,
  `password_client` tinyint(1) NOT NULL,
  `revoked` tinyint(1) NOT NULL,
  `created_at` timestamp NULL DEFAULT NULL,
  `updated_at` timestamp NULL DEFAULT NULL
) ENGINE=InnoDB DEFAULT CHARSET=utf8mb4 COLLATE=utf8mb4_unicode_ci;

--
-- Dumping data for table `oauth_clients`
--

INSERT INTO `oauth_clients` (`id`, `user_id`, `name`, `secret`, `redirect`, `personal_access_client`, `password_client`, `revoked`, `created_at`, `updated_at`) VALUES
(1, NULL, 'authToken', 'XXjxevS2FN9pkjKBVQ6nrFzXOcUmXtwr4OekbNA6', 'http://localhost', 1, 0, 0, '2020-06-03 04:59:19', '2020-06-03 04:59:19');

-- --------------------------------------------------------

--
-- Table structure for table `oauth_personal_access_clients`
--

CREATE TABLE `oauth_personal_access_clients` (
  `id` bigint(20) UNSIGNED NOT NULL,
  `client_id` bigint(20) UNSIGNED NOT NULL,
  `created_at` timestamp NULL DEFAULT NULL,
  `updated_at` timestamp NULL DEFAULT NULL
) ENGINE=InnoDB DEFAULT CHARSET=utf8mb4 COLLATE=utf8mb4_unicode_ci;

--
-- Dumping data for table `oauth_personal_access_clients`
--

INSERT INTO `oauth_personal_access_clients` (`id`, `client_id`, `created_at`, `updated_at`) VALUES
(1, 1, '2020-06-03 04:59:19', '2020-06-03 04:59:19');

-- --------------------------------------------------------

--
-- Table structure for table `oauth_refresh_tokens`
--

CREATE TABLE `oauth_refresh_tokens` (
  `id` varchar(100) COLLATE utf8mb4_unicode_ci NOT NULL,
  `access_token_id` varchar(100) COLLATE utf8mb4_unicode_ci NOT NULL,
  `revoked` tinyint(1) NOT NULL,
  `expires_at` datetime DEFAULT NULL
) ENGINE=InnoDB DEFAULT CHARSET=utf8mb4 COLLATE=utf8mb4_unicode_ci;

-- --------------------------------------------------------

--
-- Table structure for table `password_resets`
--

CREATE TABLE `password_resets` (
  `email` varchar(255) COLLATE utf8mb4_unicode_ci NOT NULL,
  `token` varchar(255) COLLATE utf8mb4_unicode_ci NOT NULL,
  `created_at` timestamp NULL DEFAULT NULL
) ENGINE=InnoDB DEFAULT CHARSET=utf8mb4 COLLATE=utf8mb4_unicode_ci;

-- --------------------------------------------------------

--
-- Table structure for table `position`
--

CREATE TABLE `position` (
  `id` bigint(20) UNSIGNED NOT NULL,
  `name` varchar(500) COLLATE utf8mb4_unicode_ci NOT NULL,
  `active` tinyint(4) NOT NULL DEFAULT '1',
  `created_at` timestamp NULL DEFAULT NULL,
  `updated_at` timestamp NULL DEFAULT NULL,
  `deleted_at` timestamp NULL DEFAULT NULL
) ENGINE=InnoDB DEFAULT CHARSET=utf8mb4 COLLATE=utf8mb4_unicode_ci;

--
-- Dumping data for table `position`
--

INSERT INTO `position` (`id`, `name`, `active`, `created_at`, `updated_at`, `deleted_at`) VALUES
(1, 'Developer', 1, NULL, '2020-03-15 00:08:54', NULL),
(2, 'Manager', 1, '2020-03-09 12:25:17', '2020-03-09 12:25:17', NULL),
(3, 'Engineer', 0, '2020-03-09 12:25:22', '2020-03-12 14:02:19', NULL),
(4, 'Designer', 0, '2020-03-09 12:25:26', '2020-03-12 14:02:23', NULL),
(5, 'CEO', 0, '2020-03-09 12:25:30', '2020-03-22 01:23:54', NULL),
(6, 'Project Manager', 1, '2020-03-09 12:25:39', '2020-11-14 17:58:45', NULL),
(7, 'BA', 0, '2020-03-14 15:26:56', '2020-06-03 08:09:59', NULL),
(8, 'Sr. Engineer', 1, '2020-03-14 15:27:33', '2020-06-03 08:09:43', NULL),
(9, 'Sr. Manager', 1, '2020-03-14 15:37:19', '2020-03-14 15:37:19', NULL),
(10, 'SDE', 1, '2020-03-14 23:30:57', '2020-06-03 07:19:44', NULL),
(11, 'amii', 0, '2020-03-14 23:32:12', '2020-03-20 06:32:52', '2020-03-20 06:32:52'),
(12, 'Sr. Developer', 1, '2020-03-20 04:15:16', '2020-06-03 07:15:12', NULL),
(13, 'Lawyer', 1, '2020-03-21 10:27:44', '2020-10-14 01:46:07', '2020-10-14 01:46:07'),
(14, 'dfgdgdddddddddddgggggggggggggggggggggggggggggggg', 1, '2020-03-21 10:28:36', '2020-03-21 10:28:46', '2020-03-21 10:28:46'),
(15, 'Data Analyst', 1, '2020-03-21 13:53:14', '2020-06-03 07:19:29', NULL),
(16, 'Analyst', 1, '2020-03-21 15:11:01', '2020-11-14 17:59:05', NULL);

-- --------------------------------------------------------

--
-- Table structure for table `print_logs`
--

CREATE TABLE `print_logs` (
  `print_logs_id` bigint(20) UNSIGNED NOT NULL,
  `timber_id` bigint(20) UNSIGNED NOT NULL,
  `user_id` bigint(20) UNSIGNED NOT NULL,
  `stock_id` bigint(20) UNSIGNED NOT NULL,
  `created_at` timestamp NULL DEFAULT NULL,
  `updated_at` timestamp NULL DEFAULT NULL,
  `deleted_at` timestamp NULL DEFAULT NULL
) ENGINE=InnoDB DEFAULT CHARSET=utf8mb4 COLLATE=utf8mb4_unicode_ci;

--
-- Dumping data for table `print_logs`
--

INSERT INTO `print_logs` (`print_logs_id`, `timber_id`, `user_id`, `stock_id`, `created_at`, `updated_at`, `deleted_at`) VALUES
(1, 18, 3, 19, '2020-06-08 00:00:00', NULL, NULL),
(2, 20, 3, 21, '2020-06-09 07:55:28', '2020-06-09 07:55:28', NULL),
(3, 18, 9, 19, '2020-06-09 08:02:27', '2020-06-09 08:02:27', NULL),
(4, 18, 9, 19, '2020-06-09 08:41:01', '2020-06-09 08:41:01', NULL),
(5, 18, 9, 19, '2020-06-09 10:42:11', '2020-06-09 10:42:11', NULL),
(6, 18, 9, 19, '2020-06-09 10:53:28', '2020-06-09 10:53:28', NULL),
(7, 18, 9, 19, '2020-06-09 10:58:29', '2020-06-09 10:58:29', NULL),
(8, 18, 9, 19, '2020-06-09 10:59:08', '2020-06-09 10:59:08', NULL),
(9, 20, 3, 21, '2020-06-09 14:07:02', '2020-06-09 14:07:02', NULL),
(10, 20, 3, 21, '2020-06-09 14:07:29', '2020-06-09 14:07:29', NULL),
(11, 20, 3, 21, '2020-06-09 14:08:48', '2020-06-09 14:08:48', NULL),
(12, 18, 15, 19, '2020-06-09 14:19:46', '2020-06-09 14:19:46', NULL),
(13, 20, 3, 21, '2020-06-10 06:26:14', '2020-06-10 06:26:14', NULL),
(14, 32, 15, 32, '2020-06-10 07:15:18', '2020-06-10 07:15:18', NULL),
(15, 18, 15, 19, '2020-06-12 06:28:19', '2020-06-12 06:28:19', NULL),
(16, 33, 15, 33, '2020-06-13 03:48:37', '2020-06-13 03:48:37', NULL),
(17, 20, 15, 21, '2020-06-13 03:58:34', '2020-06-13 03:58:34', NULL),
(18, 20, 10, 21, '2020-06-13 05:03:37', '2020-06-13 05:03:37', NULL),
(19, 29, 10, 29, '2020-06-13 05:04:08', '2020-06-13 05:04:08', NULL),
(20, 38, 25, 38, '2020-10-23 00:45:15', '2020-10-23 00:45:15', NULL),
(21, 38, 25, 38, '2020-10-23 00:45:59', '2020-10-23 00:45:59', NULL),
(22, 38, 25, 38, '2020-10-23 00:46:16', '2020-10-23 00:46:16', NULL),
(23, 38, 25, 38, '2020-10-23 00:46:55', '2020-10-23 00:46:55', NULL),
(24, 43, 25, 43, '2020-10-27 21:51:03', '2020-10-27 21:51:03', NULL),
(25, 63, 25, 63, '2020-10-29 23:40:42', '2020-10-29 23:40:42', NULL);

-- --------------------------------------------------------

--
-- Table structure for table `stock`
--

CREATE TABLE `stock` (
  `stock_id` bigint(20) UNSIGNED NOT NULL,
  `timber_id` bigint(20) UNSIGNED NOT NULL,
  `location_id` bigint(20) UNSIGNED NOT NULL,
  `created_at` timestamp NOT NULL DEFAULT CURRENT_TIMESTAMP ON UPDATE CURRENT_TIMESTAMP,
  `updated_at` timestamp NULL DEFAULT NULL,
  `deleted_at` timestamp NULL DEFAULT NULL
) ENGINE=InnoDB DEFAULT CHARSET=utf8mb4 COLLATE=utf8mb4_unicode_ci;

--
-- Dumping data for table `stock`
--

INSERT INTO `stock` (`stock_id`, `timber_id`, `location_id`, `created_at`, `updated_at`, `deleted_at`) VALUES
(19, 18, 63, '2020-11-08 22:07:21', '2020-11-08 22:07:21', NULL),
(20, 19, 29, '2020-03-22 01:46:23', '2020-06-05 16:05:28', NULL),
(21, 20, 28, '2020-03-24 09:11:54', '2020-06-03 11:28:47', NULL),
(22, 21, 63, '2020-11-08 22:07:21', '2020-11-08 22:07:21', NULL),
(23, 22, 31, '2020-06-05 16:07:20', '2020-06-05 16:07:20', NULL),
(24, 23, 24, '2020-06-05 16:07:41', '2020-06-05 16:08:15', NULL),
(25, 24, 29, '2020-06-10 05:12:11', '2020-06-10 05:12:11', NULL),
(26, 26, 63, '2020-11-08 22:07:21', '2020-11-08 22:07:21', NULL),
(27, 27, 63, '2020-11-08 22:07:21', '2020-11-08 22:07:21', NULL),
(28, 28, 28, '2020-06-10 06:20:00', '2020-06-10 06:20:00', NULL),
(29, 29, 28, '2020-06-10 06:22:58', '2020-06-10 06:22:58', NULL),
(30, 30, 32, '2020-10-29 21:44:20', '2020-10-29 21:44:20', NULL),
(31, 31, 28, '2020-06-10 06:59:57', '2020-06-10 06:59:57', NULL),
(32, 32, 24, '2020-06-10 07:15:13', '2020-06-10 07:15:13', NULL),
(33, 33, 63, '2020-11-08 22:07:21', '2020-11-08 22:07:21', NULL),
(34, 34, 23, '2020-06-22 15:44:43', '2020-06-22 15:44:43', NULL),
(35, 35, 23, '2020-06-22 15:45:43', '2020-06-22 15:45:43', NULL),
(36, 36, 27, '2020-06-22 15:46:39', '2020-06-23 02:40:33', NULL),
(37, 37, 34, '2020-12-07 10:46:17', '2020-12-07 10:46:17', NULL),
(38, 38, 23, '2020-10-23 00:44:57', '2020-10-23 00:44:57', NULL),
(39, 39, 69, '2020-11-19 21:47:03', '2020-11-19 21:47:03', NULL),
(40, 40, 64, '2020-11-19 22:05:31', '2020-11-19 22:05:31', NULL),
(41, 41, 64, '2020-11-19 21:51:26', '2020-11-19 21:51:26', NULL),
(42, 42, 32, '2020-10-28 03:27:05', '2020-10-28 03:27:05', NULL),
(43, 43, 32, '2020-10-27 23:11:20', '2020-10-27 23:11:20', NULL),
(44, 44, 47, '2020-11-08 22:03:43', '2020-11-08 22:03:43', NULL),
(45, 45, 103, '2020-11-05 21:57:10', '2020-11-05 21:57:10', NULL),
(46, 46, 69, '2020-11-19 21:47:03', '2020-11-19 21:47:03', NULL),
(47, 47, 32, '2020-10-30 02:52:42', '2020-10-30 02:52:42', NULL),
(48, 48, 32, '2020-10-30 02:52:42', '2020-10-30 02:52:42', NULL),
(49, 49, 32, '2020-10-30 02:52:42', '2020-10-30 02:52:42', NULL),
(50, 50, 32, '2020-10-30 02:52:42', '2020-10-30 02:52:42', NULL),
(51, 51, 35, '2020-12-07 08:37:44', '2020-12-07 08:37:44', NULL),
(52, 52, 32, '2020-10-30 02:52:42', '2020-10-30 02:52:42', NULL),
(53, 53, 32, '2020-10-30 02:52:42', '2020-10-30 02:52:42', NULL),
(54, 54, 32, '2020-10-30 02:52:42', '2020-10-30 02:52:42', NULL),
(55, 55, 40, '2020-10-29 23:53:51', '2020-10-29 23:53:51', NULL),
(56, 56, 23, '2020-10-29 21:41:43', NULL, NULL),
(57, 57, 32, '2020-10-30 02:52:42', '2020-10-30 02:52:42', NULL),
(58, 58, 32, '2020-10-30 02:52:42', '2020-10-30 02:52:42', NULL),
(59, 59, 32, '2020-10-30 02:52:42', '2020-10-30 02:52:42', NULL),
(60, 60, 32, '2020-10-30 02:52:42', '2020-10-30 02:52:42', NULL),
(61, 61, 33, '2020-12-08 05:27:30', '2020-12-08 05:27:30', NULL),
(62, 62, 36, '2020-12-07 14:54:59', '2020-12-07 14:54:59', NULL),
(63, 63, 36, '2020-12-07 14:54:59', '2020-12-07 14:54:59', NULL),
(64, 64, 48, '2020-12-07 12:59:33', '2020-12-07 12:59:33', NULL),
(65, 65, 33, '2020-11-04 03:33:49', '2020-11-04 03:33:49', NULL),
(66, 66, 27, '2020-10-30 02:06:48', '2020-10-30 02:06:48', '2020-10-30 02:06:48'),
(67, 67, 33, '2020-10-30 02:54:34', '2020-10-30 02:54:34', NULL);

-- --------------------------------------------------------

--
-- Table structure for table `timber`
--

CREATE TABLE `timber` (
  `timber_id` bigint(20) UNSIGNED NOT NULL,
  `name` varchar(500) COLLATE utf8mb4_unicode_ci DEFAULT NULL,
  `number` bigint(20) NOT NULL DEFAULT '0',
  `bar_code` varchar(255) COLLATE utf8mb4_unicode_ci NOT NULL,
  `grade` varchar(255) COLLATE utf8mb4_unicode_ci DEFAULT NULL,
  `active` tinyint(4) NOT NULL DEFAULT '1',
  `created_at` timestamp NOT NULL DEFAULT CURRENT_TIMESTAMP ON UPDATE CURRENT_TIMESTAMP,
  `updated_at` timestamp NULL DEFAULT NULL,
  `deleted_at` timestamp NULL DEFAULT NULL
) ENGINE=InnoDB DEFAULT CHARSET=utf8mb4 COLLATE=utf8mb4_unicode_ci;

--
-- Dumping data for table `timber`
--

INSERT INTO `timber` (`timber_id`, `name`, `number`, `bar_code`, `grade`, `active`, `created_at`, `updated_at`, `deleted_at`) VALUES
(18, 'Timber', 123456, '123456', 'yu7ty', 1, '2020-03-22 01:04:47', '2020-06-22 12:49:42', NULL),
(19, 'Timber2', 332285, '332285', 'qw3es', 1, '2020-03-22 01:46:23', '2020-06-22 13:40:37', NULL),
(20, 'Timber1', 123578, '123578', '54erd', 1, '2020-03-24 09:11:54', '2020-06-22 13:40:24', NULL),
(21, 'Timber3', 454784, '454784', '3wes3', 1, '2020-03-25 22:50:03', '2020-06-22 13:40:51', NULL),
(22, 'Mahogany', 589655, '589655', '5r4ed', 1, '2020-06-05 16:07:20', '2020-06-23 04:25:17', NULL),
(23, 'Sal', 852135, '852135', '5rte4', 1, '2020-06-05 16:07:41', '2020-06-23 04:25:29', NULL),
(24, 'timber33', 455475, '455475', '4ed3w', 1, '2020-06-10 05:12:11', '2020-06-23 04:24:34', NULL),
(25, 'timber1111', 111174, 'BT1111', '4ews3', 1, '2020-06-10 05:39:37', '2020-06-10 05:39:37', NULL),
(26, 'Timber45', 545401, '545401', '4erd3', 1, '2020-06-10 05:55:17', '2020-06-23 04:24:44', NULL),
(27, 'timber1111', 411011, '411011', '4e3ws', 1, '2020-06-10 06:13:19', '2020-06-22 13:40:44', NULL),
(28, 'timber2222', 222295, '222295', 'gji87', 1, '2020-06-10 06:20:00', '2020-06-22 13:40:30', NULL),
(29, 'timber1144', 114415, '114415', 'hhggy', 1, '2020-06-10 06:22:58', '2020-06-22 12:48:30', NULL),
(30, 'timber44', 555566, '555566', '87654', 1, '2020-06-10 06:25:55', '2020-06-23 04:25:08', NULL),
(31, 'timber9999', 999990, '999990', '78yu6', 1, '2020-06-10 06:59:57', '2020-06-22 12:49:55', NULL),
(32, 'timber', 859501, '859501', 'yui76', 1, '2020-06-10 07:15:13', '2020-06-23 04:25:40', NULL),
(33, 'tmber423', 546321, '546321', 'GR452', 1, '2020-06-13 03:48:25', '2020-06-23 04:24:57', NULL),
(34, NULL, 900991, '900991', NULL, 1, '2020-06-22 15:44:43', '2020-06-22 15:44:56', NULL),
(35, NULL, 987456, '987456', NULL, 1, '2020-06-22 15:45:43', '2020-06-22 15:45:43', NULL),
(36, NULL, 108101, '108101', NULL, 1, '2020-06-22 15:46:39', '2020-06-22 15:47:06', NULL),
(37, NULL, 102586, '102586', NULL, 1, '2020-06-23 02:41:27', '2020-06-23 02:41:27', NULL),
(38, NULL, 399318, '399318', NULL, 1, '2020-10-23 00:44:57', '2020-10-23 00:44:57', NULL),
(39, NULL, 399300, '399300', NULL, 1, '2020-10-23 01:33:00', NULL, NULL),
(40, NULL, 399305, '399305', NULL, 1, '2020-10-23 01:33:00', NULL, NULL),
(41, NULL, 399318, '399318', NULL, 1, '2020-10-23 01:33:00', NULL, NULL),
(42, NULL, 399335, '399335', NULL, 1, '2020-10-23 01:33:00', NULL, NULL),
(43, NULL, 399329, '399329', NULL, 1, '2020-10-23 01:33:00', NULL, NULL),
(44, NULL, 399292, '399292', NULL, 1, '2020-10-23 01:33:00', NULL, NULL),
(45, NULL, 391334, '391334', NULL, 1, '2020-10-23 01:33:00', NULL, NULL),
(46, NULL, 388549, '388549', NULL, 1, '2020-10-23 01:33:00', NULL, NULL),
(47, NULL, 399312, '399312', NULL, 1, '2020-10-29 21:41:43', NULL, NULL),
(48, NULL, 399323, '399323', NULL, 1, '2020-10-29 21:41:43', NULL, NULL),
(49, NULL, 399344, '399344', NULL, 1, '2020-10-29 21:41:43', NULL, NULL),
(50, NULL, 399376, '399376', NULL, 1, '2020-10-29 21:41:43', NULL, NULL),
(51, NULL, 399377, '399377', NULL, 1, '2020-10-29 21:41:43', NULL, NULL),
(52, NULL, 399310, '399310', NULL, 1, '2020-10-29 21:41:43', NULL, NULL),
(53, NULL, 399331, '399331', NULL, 1, '2020-10-29 21:41:43', NULL, NULL),
(54, NULL, 394510, '394510', NULL, 1, '2020-10-29 21:41:43', NULL, NULL),
(55, NULL, 394511, '394511', NULL, 1, '2020-10-29 21:41:43', NULL, NULL),
(56, NULL, 401415, '401415', NULL, 1, '2020-10-29 21:41:43', NULL, NULL),
(57, NULL, 399295, '399295', NULL, 1, '2020-10-29 21:41:43', NULL, NULL),
(58, NULL, 384750, '384750', NULL, 1, '2020-10-29 21:41:43', NULL, NULL),
(59, NULL, 390274, '390274', NULL, 1, '2020-10-29 21:41:43', NULL, NULL),
(60, NULL, 401414, '401414', NULL, 1, '2020-10-29 21:41:43', NULL, NULL),
(61, NULL, 401074, '401074', NULL, 1, '2020-10-29 21:41:43', NULL, NULL),
(62, NULL, 399241, '399241', NULL, 1, '2020-10-29 21:41:43', NULL, NULL),
(63, NULL, 399243, '399243', NULL, 1, '2020-10-29 21:41:43', NULL, NULL),
(64, NULL, 399259, '399259', NULL, 1, '2020-10-29 21:41:43', NULL, NULL),
(65, NULL, 399272, '399272', NULL, 1, '2020-10-29 21:41:43', NULL, NULL),
(66, NULL, 399283, '399283', NULL, 1, '2020-10-29 21:41:43', NULL, NULL),
(67, NULL, 394511, '394511', NULL, 1, '2020-10-30 00:27:35', '2020-10-30 00:27:35', NULL);

-- --------------------------------------------------------

--
-- Table structure for table `users`
--

CREATE TABLE `users` (
  `id` bigint(20) UNSIGNED NOT NULL,
  `first_name` varchar(255) COLLATE utf8mb4_unicode_ci NOT NULL,
  `last_name` varchar(255) COLLATE utf8mb4_unicode_ci NOT NULL,
  `position` bigint(20) UNSIGNED NOT NULL,
  `email` varchar(255) COLLATE utf8mb4_unicode_ci NOT NULL,
  `email_verified_at` timestamp NULL DEFAULT NULL,
  `password` varchar(255) COLLATE utf8mb4_unicode_ci NOT NULL,
  `account_type` bigint(20) NOT NULL,
  `status` tinyint(4) NOT NULL DEFAULT '1',
  `image` varchar(800) COLLATE utf8mb4_unicode_ci DEFAULT NULL,
  `device_token` varchar(255) COLLATE utf8mb4_unicode_ci DEFAULT NULL,
  `created_at` timestamp NULL DEFAULT NULL,
  `updated_at` timestamp NULL DEFAULT NULL,
  `deleted_at` timestamp NULL DEFAULT NULL
) ENGINE=InnoDB DEFAULT CHARSET=utf8mb4 COLLATE=utf8mb4_unicode_ci;

--
-- Dumping data for table `users`
--

INSERT INTO `users` (`id`, `first_name`, `last_name`, `position`, `email`, `email_verified_at`, `password`, `account_type`, `status`, `image`, `device_token`, `created_at`, `updated_at`, `deleted_at`) VALUES
(1, 'Sourav', 'Das', 1, 'admin@gmail.com', NULL, '$2y$10$KRswaqOIQDF1ZlaWRIiYx.Yuehh/ydOgpy8WNDBDhEgB9LBdU7cUa', 0, 1, 'storage/user/image/1/RQ6WURuVpasKRWUn6RkzxwVEll2bQR35PZj9iaRS.jpeg', NULL, NULL, '2020-06-05 07:01:33', NULL),
(2, 'Akra', 'Mondal', 3, 'admin@admin.com', NULL, '$2y$10$XzQILnXYyDysUMz/P7cU1uwWMkMs4uVswhYfte3F5T988y7dqEsfa', 0, 1, NULL, NULL, '2020-03-09 12:26:19', '2020-06-22 17:45:52', NULL),
(3, 'Rajib', 'Ray', 5, 'user1@gmail.com', NULL, '$2y$10$KRswaqOIQDF1ZlaWRIiYx.Yuehh/ydOgpy8WNDBDhEgB9LBdU7cUa', 1, 1, NULL, 'dKQkeX22SPGqD-3fZYm9vk:APA91bEBX-aRxfQsYw6EVMEXd6cnCHTPc9ND8oaBuXG7mpCcZzd1WeX2H36plDUeHtL74upjjd9T9HNTCHGUVQOArDA3JbdJfZO_3ScA5GIUx3FUOxzOvMA4VshIhtkrYEhDyvfAQHBr', '2020-03-10 12:41:56', '2020-06-22 15:38:13', NULL),
(4, 'Sourav', 'Bhuria', 3, 'bhuria505@gmail.com', NULL, '$2y$10$lj3aT43iTpHRlT2oocKyyusUI0wL71CRmuGg3YblGO3K3UR9HPUOG', 1, 1, NULL, NULL, '2020-03-14 08:55:47', '2020-03-22 01:24:18', NULL),
(5, 'Rajib', 'Das', 1, 'rajibdas@gmail.com', NULL, '$2y$10$LgPqUCMKfUHqpotdhIK0ied/oatoORlR86gZjsEXym4evB3g6Z4pG', 1, 0, NULL, NULL, '2020-03-14 08:56:58', '2020-03-15 13:17:14', NULL),
(6, 'Amit', 'Chatterjee', 4, 'chatterjee@gmail.com', NULL, '$2y$10$eaHM.HKE4uR.WYUQaA5tq.bXYdgGJOVeqmMcCi3t.gXCn8aj9GAV6', 1, 1, NULL, NULL, '2020-03-14 08:58:00', '2020-10-14 01:33:42', NULL),
(7, 'Sourav', 'Ghosh', 2, 'subha.pal@rplanx.com', NULL, '$2y$10$2OOEWoFTazLXyUxIkDyBTecktxdxinzLWvfUf.U5fwO0agpavbDg2', 1, 1, NULL, NULL, '2020-03-14 15:36:52', '2020-10-14 01:33:36', NULL),
(8, 'Hirak', 'Raja', 9, 'hh@hhh.hh', NULL, '$2y$10$1STNPrG1idf1i/7gDgg4ZuBlZg/g8Fi6RosvFAwcoZee2RPgrzz4W', 1, 1, NULL, NULL, '2020-03-14 23:46:00', '2020-10-14 01:33:26', NULL),
(9, 'Gopal', 'Bag', 6, 'goutam@gmail.com', NULL, '$2y$10$KRswaqOIQDF1ZlaWRIiYx.Yuehh/ydOgpy8WNDBDhEgB9LBdU7cUa', 1, 1, NULL, '45dfc36sdsd', '2020-03-14 23:46:51', '2020-06-19 09:33:38', NULL),
(10, 'Tonmay', 'Banerjee', 10, 'tonmoi@gmail.com', NULL, '$2y$10$jfWb6Jq0fTsG4PfPPJqGP.DhjK.JPns05UCeZEbxRwKjh9Jm1Zk2C', 1, 1, NULL, '545swdugujdg', '2020-03-14 23:51:56', '2020-10-14 01:33:20', NULL),
(11, 'Joy', 'Chatterjee', 3, 'chatterjee505@gmail.com', NULL, '$2y$10$iVpv0o3Iu.wlOXqO4iggNOTdFqkyp0CzxjADg92JPbAeg44DorslC', 1, 1, NULL, NULL, '2020-03-14 23:55:21', '2020-03-14 23:55:21', NULL),
(12, 'Goutam', 'Panja', 5, 'ggg@gg', NULL, '$2y$10$KZHPC9o196Bo8AY7X0LUsOxN3rPWN7qrybOrxPe9qZGo6JHWbxu0S', 1, 1, NULL, NULL, '2020-03-15 14:28:07', '2020-03-21 15:34:57', NULL),
(13, 'Surya', 'Jadav', 4, 'fgfg@hjgh', NULL, '$2y$10$3GNeCU6klIrt7CL9GVPX1e9eKVNzFUwGS95hMEqtEow56vVabe4xy', 1, 1, NULL, NULL, '2020-03-15 14:30:03', '2020-03-15 14:30:03', NULL),
(14, 'Ashis', 'Acharya', 6, 'sa@dfafsa.voo', NULL, '$2y$10$2gsvsPA/mGXcAmu5SMyRWu9NPEiDuh.N5c1Q7Lj3VEHZhiMmLiyp6', 1, 1, NULL, NULL, '2020-03-22 01:39:57', '2020-03-22 14:52:58', NULL),
(15, 'Soumya', 'Ghosh', 1, 'soumyaghosh.brainium@gmail.com', NULL, '$2y$10$/ZGONV3UAnu3nQeyBx7EYe2q2U0QWs/DyVJQU0xU81/ViqtbcGVJS', 1, 0, 'storage/user/image/15/fKfODEhfsW4dpBxyMHhZ146VLa3QsEvMVEpztoey.jpeg', 'cafnXVXRSfCbF_JWxh_a9t:APA91bEAGI14akRFn_mxl-ZxYYKaGRujMCMDkl0-rlNAwKT8-dsZ-SMKYZRk2jUzrELEVajqKEu-z_MDJuNJ8yCFa44rlFUez70rz-VSZuoJK-QdX52fRGkKVe5UbHibY26saYJ7Qgyk', '2020-06-02 15:48:17', '2020-06-20 11:23:55', NULL),
(16, 'sourodipta', 'guha', 1, 'sourodipta.amstech@gmail.com', NULL, '$2y$10$pt0JOMb.QXpSc3Fv/jhJX.7fjQShblWVSbxMhn0rEmAdWxwDSPDZ.', 1, 1, NULL, NULL, '2020-06-02 15:48:51', '2020-06-02 15:48:51', NULL),
(17, 'Sayan', 'Das', 15, 'sayandas@gmail.com', NULL, '$2y$10$ZCuSLWHZ5TJOWnFN19kCkOHzlH0Y9roz.tgnIGe2jjYzlXLxHBUMC', 1, 1, NULL, NULL, '2020-06-05 14:48:42', '2020-06-05 14:48:42', NULL),
(18, 'Debarati', 'Sarkar', 9, 'sarkar@gmail.com', NULL, '$2y$10$vkJ41OussX0wQo0udPdOb.dd2l2Ar93CChM9Cb/zBIQubCYorbs2G', 1, 1, NULL, NULL, '2020-06-05 15:12:28', '2020-06-08 06:16:02', NULL),
(19, 'Tushar', 'Samanta', 15, 'sksaidul.brainium@gmail.com', NULL, '$2y$10$vkJ41OussX0wQo0udPdOb.dd2l2Ar93CChM9Cb/zBIQubCYorbs2G', 1, 1, NULL, NULL, '2020-06-08 06:00:15', '2020-06-08 06:00:15', NULL),
(20, 'Debarati', 'Sarkar', 9, 'debarati@brainiuminfotech.com', NULL, '$2y$10$ehiSkA09QsVL5be0aiLrNOyCvA0w0OGB/MIm9p.a4/.WkftR4y84m', 1, 0, NULL, 'fKrYzZXASS6K0eFIRhd0w1:APA91bHeOnPLQ5VroX2IgztqfTau1uvlNj5gRKNX12V7MCzw1_EVG7FJMGfGX2Ni_2--uKo1lmjJkggYUaPuNzFaH9YkxfFXbpXKkJ__5GYmaBPPMhK8USgoJ_0mh93XIyiVV5Pl9h8L', '2020-06-08 06:41:05', '2020-10-14 01:58:40', NULL),
(21, 'Alaster', 'Moore', 2, 'alaster@northpine.co.nz', NULL, '$2y$10$W.Jl2hU9wOW/EluKYC8z5OZcJ8VY/A3E/KDOXJbugtxIFvZJQoBE6', 1, 0, NULL, 'cBLiJ7gvSVCZ7vTBUJ3TNf:APA91bFrwQdQeqWC3B8TCz9DJ1jFnWc3d5sozxZOt_LWLtVqiWfjmTh16WHqPiipPxGo0pAbjjNZ97ME2650ORWzghmBI3qvGCu75nXX_hRSHsqzr-_ww11eXL_BkN0qj7dndUi-Fj9s', '2020-06-22 02:57:47', '2020-10-14 01:52:12', NULL),
(22, 'Sourav', 'Chatterjee', 10, 'admin55@admin.com', NULL, '$2y$10$hn90ulQ1Z1OVDUe5hc6tr.qJNcyriRVTFASWqTdRaXz2wwJ2UbQA6', 1, 1, NULL, NULL, '2020-06-22 17:46:52', '2020-06-22 17:46:52', NULL),
(23, 'Gurwinder', 'Singh', 16, 'gurwinder@northpine.co.nz', NULL, '$2y$10$Z6pVIkzwIkUn1/TuIqf5Muc9gFst2an79u3TN4ZdZ5FLhNmsh2hlu', 1, 0, NULL, NULL, '2020-10-14 01:31:31', '2020-10-21 02:06:06', NULL),
(24, 'Northpine', 'Northpine', 2, 'northpinelocation@nz.co', NULL, '$2y$10$5azosRKnNtaHoNS1/6PkLux0/CPGwvAh92Sa119XWlRj9IsjTs45y', 1, 0, NULL, NULL, '2020-10-22 21:24:38', '2020-10-22 21:27:14', NULL),
(25, 'Northpine', 'Northpine', 9, 'northpinelocation@gmail.com', NULL, '$2y$10$5E51JUJ.uv/P.uTHGQETye4th4Z.JR/EbGjcfszgEDabnQ5OD9s6q', 1, 1, NULL, 'eqXvAcFfQwGF_CAtB3hAng:APA91bHHSBS-CAiiP-oGIHkuZD5wUgnxzPVHPA6e_bJtIW5iqTrB1sNMqtJsBDXfEKdBnc_EYIwzEKgzxRJlk7sIxYOnUSBmTofd94RSH7BHTHrOCBVKWpDBVpGzPpbg4iraRo11MFF2', '2020-10-22 21:28:14', '2020-10-23 00:32:17', NULL),
(26, 'User', 'user', 1, 'timberuser@gmail.com', NULL, '$2y$10$e3aAA3lsKJdRk3IX316/ROi9mt7YYKAKmOCjlXdfAsV9sNV3SNcau', 1, 1, NULL, 'cn7qEvibTg6kevWKYmaV8F:APA91bHxFR3Q5CoywbJYmgBtP4n3M4vIGG1-ZZ6EELwYke0PBqi60nSa9RJey6qjHoBkz9S1Heb_PF9_K8WFT4txJvGySlBpHENns0hdrbatq2Sce0LpcZKmBDODvJAPGdpHdk3sMYuy', '2020-10-23 04:40:17', '2020-10-27 04:47:52', NULL),
(27, 'User', 'User', 10, 'user2@gmail.com', NULL, '$2y$10$mIVvocTRSBinKC27hFNEU.dxKGUUeUGmojwKheS1Dn2.jtHBclqym', 1, 1, NULL, NULL, '2020-12-03 14:02:42', '2020-12-03 14:02:42', NULL),
(28, 'User', 'User', 10, 'user@gmail.com', NULL, '$2y$10$2VyHExMMOtbW/xlieA8PIOZDEVLC9qKa0cT0DCopx5Qmr5w8KdjtO', 1, 1, NULL, 'dA5_ijILQSeCcQYHmhpXtE:APA91bHKd0dT8KaxUlajUkegWlTW0Cm9iG8Kl9N7qroo21aMYiiYNjYjKrE4KMGxpddOeEmEQIhQhvf_tLT_kh0kdkRRjEY8iD-6U0Aud5rxASk6PA0l8b8xn-bovJyfXYXGIxMbreb8', '2020-12-03 14:04:03', '2020-12-07 06:15:49', NULL);

--
-- Indexes for dumped tables
--

--
-- Indexes for table `failed_jobs`
--
ALTER TABLE `failed_jobs`
  ADD PRIMARY KEY (`id`);

--
-- Indexes for table `location`
--
ALTER TABLE `location`
  ADD PRIMARY KEY (`location_id`);

--
-- Indexes for table `location_map`
--
ALTER TABLE `location_map`
  ADD PRIMARY KEY (`id`);

--
-- Indexes for table `migrations`
--
ALTER TABLE `migrations`
  ADD PRIMARY KEY (`id`);

--
-- Indexes for table `movement`
--
ALTER TABLE `movement`
  ADD PRIMARY KEY (`movement_id`);

--
-- Indexes for table `oauth_access_tokens`
--
ALTER TABLE `oauth_access_tokens`
  ADD PRIMARY KEY (`id`),
  ADD KEY `oauth_access_tokens_user_id_index` (`user_id`);

--
-- Indexes for table `oauth_auth_codes`
--
ALTER TABLE `oauth_auth_codes`
  ADD PRIMARY KEY (`id`),
  ADD KEY `oauth_auth_codes_user_id_index` (`user_id`);

--
-- Indexes for table `oauth_clients`
--
ALTER TABLE `oauth_clients`
  ADD PRIMARY KEY (`id`),
  ADD KEY `oauth_clients_user_id_index` (`user_id`);

--
-- Indexes for table `oauth_personal_access_clients`
--
ALTER TABLE `oauth_personal_access_clients`
  ADD PRIMARY KEY (`id`);

--
-- Indexes for table `oauth_refresh_tokens`
--
ALTER TABLE `oauth_refresh_tokens`
  ADD PRIMARY KEY (`id`);

--
-- Indexes for table `password_resets`
--
ALTER TABLE `password_resets`
  ADD KEY `password_resets_email_index` (`email`);

--
-- Indexes for table `position`
--
ALTER TABLE `position`
  ADD PRIMARY KEY (`id`);

--
-- Indexes for table `print_logs`
--
ALTER TABLE `print_logs`
  ADD PRIMARY KEY (`print_logs_id`),
  ADD KEY `print_logs_timber_id_foreign` (`timber_id`),
  ADD KEY `print_logs_stock_id_foreign` (`stock_id`);

--
-- Indexes for table `stock`
--
ALTER TABLE `stock`
  ADD PRIMARY KEY (`stock_id`),
  ADD KEY `stock_timber_id_foreign` (`timber_id`),
  ADD KEY `stock_location_id_foreign` (`location_id`);

--
-- Indexes for table `timber`
--
ALTER TABLE `timber`
  ADD PRIMARY KEY (`timber_id`);

--
-- Indexes for table `users`
--
ALTER TABLE `users`
  ADD PRIMARY KEY (`id`),
  ADD UNIQUE KEY `users_email_unique` (`email`),
  ADD KEY `users_position_foreign` (`position`);

--
-- AUTO_INCREMENT for dumped tables
--

--
-- AUTO_INCREMENT for table `failed_jobs`
--
ALTER TABLE `failed_jobs`
  MODIFY `id` bigint(20) UNSIGNED NOT NULL AUTO_INCREMENT;
--
-- AUTO_INCREMENT for table `location`
--
ALTER TABLE `location`
  MODIFY `location_id` bigint(20) UNSIGNED NOT NULL AUTO_INCREMENT, AUTO_INCREMENT=190;
--
-- AUTO_INCREMENT for table `location_map`
--
ALTER TABLE `location_map`
  MODIFY `id` int(11) NOT NULL AUTO_INCREMENT, AUTO_INCREMENT=8;
--
-- AUTO_INCREMENT for table `migrations`
--
ALTER TABLE `migrations`
  MODIFY `id` int(10) UNSIGNED NOT NULL AUTO_INCREMENT, AUTO_INCREMENT=16;
--
-- AUTO_INCREMENT for table `movement`
--
ALTER TABLE `movement`
  MODIFY `movement_id` bigint(20) UNSIGNED NOT NULL AUTO_INCREMENT, AUTO_INCREMENT=219;
--
-- AUTO_INCREMENT for table `oauth_clients`
--
ALTER TABLE `oauth_clients`
  MODIFY `id` bigint(20) UNSIGNED NOT NULL AUTO_INCREMENT, AUTO_INCREMENT=2;
--
-- AUTO_INCREMENT for table `oauth_personal_access_clients`
--
ALTER TABLE `oauth_personal_access_clients`
  MODIFY `id` bigint(20) UNSIGNED NOT NULL AUTO_INCREMENT, AUTO_INCREMENT=2;
--
-- AUTO_INCREMENT for table `position`
--
ALTER TABLE `position`
  MODIFY `id` bigint(20) UNSIGNED NOT NULL AUTO_INCREMENT, AUTO_INCREMENT=17;
--
-- AUTO_INCREMENT for table `print_logs`
--
ALTER TABLE `print_logs`
  MODIFY `print_logs_id` bigint(20) UNSIGNED NOT NULL AUTO_INCREMENT, AUTO_INCREMENT=26;
--
-- AUTO_INCREMENT for table `stock`
--
ALTER TABLE `stock`
  MODIFY `stock_id` bigint(20) UNSIGNED NOT NULL AUTO_INCREMENT, AUTO_INCREMENT=68;
--
-- AUTO_INCREMENT for table `timber`
--
ALTER TABLE `timber`
  MODIFY `timber_id` bigint(20) UNSIGNED NOT NULL AUTO_INCREMENT, AUTO_INCREMENT=68;
--
-- AUTO_INCREMENT for table `users`
--
ALTER TABLE `users`
  MODIFY `id` bigint(20) UNSIGNED NOT NULL AUTO_INCREMENT, AUTO_INCREMENT=29;
--
-- Constraints for dumped tables
--

--
-- Constraints for table `print_logs`
--
ALTER TABLE `print_logs`
  ADD CONSTRAINT `print_logs_stock_id_foreign` FOREIGN KEY (`stock_id`) REFERENCES `stock` (`stock_id`),
  ADD CONSTRAINT `print_logs_timber_id_foreign` FOREIGN KEY (`timber_id`) REFERENCES `timber` (`timber_id`);

--
-- Constraints for table `stock`
--
ALTER TABLE `stock`
  ADD CONSTRAINT `stock_location_id_foreign` FOREIGN KEY (`location_id`) REFERENCES `location` (`location_id`),
  ADD CONSTRAINT `stock_timber_id_foreign` FOREIGN KEY (`timber_id`) REFERENCES `timber` (`timber_id`);

--
-- Constraints for table `users`
--
ALTER TABLE `users`
  ADD CONSTRAINT `users_position_foreign` FOREIGN KEY (`position`) REFERENCES `position` (`id`);

/*!40101 SET CHARACTER_SET_CLIENT=@OLD_CHARACTER_SET_CLIENT */;
/*!40101 SET CHARACTER_SET_RESULTS=@OLD_CHARACTER_SET_RESULTS */;
/*!40101 SET COLLATION_CONNECTION=@OLD_COLLATION_CONNECTION */;
